ShipmentID,ProductionDate,WarehouseEntryDate,ShippingDate,RetailerArrivalDate,Label
SID10000,2024-06-20 20:30:14,2024-06-21 11:18:15,2024-07-01 03:59:27,2024-07-05 14:09:16,normal
SID10001,2024-07-15 08:47:20,2024-07-15 17:46:31,2024-07-22 20:46:50,2024-07-28 02:53:15,normal
SID10002,2023-07-22 05:11:07,2023-07-23 02:27:10,2023-08-01 21:38:56,2023-08-08 09:58:31,normal
SID10003,2024-09-06 08:57:02,2024-09-06 19:38:04,2024-09-12 05:49:20,2024-09-18 20:23:59,normal
SID10004,2024-07-31 17:15:34,2024-08-01 08:22:23,2024-08-06 22:01:34,2024-08-09 09:34:23,normal
SID10005,2023-08-04 09:18:51,2023-08-04 21:12:19,2023-08-16 10:18:57,2023-08-21 12:36:30,normal
SID10006,2024-02-06 21:48:36,2024-02-07 10:58:05,2024-02-20 20:59:50,2024-02-23 18:27:10,normal
SID10007,2023-11-23 18:35:28,2023-11-24 15:07:59,2023-12-02 22:07:23,2023-12-09 03:21:04,normal
SID10008,2023-12-26 01:13:07,2023-12-26 20:13:03,2024-01-09 17:12:19,2024-01-13 04:50:39,normal
SID10009,2023-07-05 02:28:22,2023-07-05 09:32:08,2023-07-13 11:27:05,2023-07-16 05:56:57,normal
SID10010,2023-12-26 04:47:53,2023-12-26 14:02:36,2024-01-01 19:02:45,2024-01-08 14:13:55,normal
SID10011,2024-05-29 20:39:22,2024-05-30 08:45:36,2024-06-07 05:05:14,2024-06-12 10:18:27,normal
SID10012,2023-12-06 22:01:55,2023-12-07 15:01:28,2023-12-16 03:12:24,2023-12-19 15:58:36,normal
SID10013,2023-07-15 02:05:18,2023-07-15 18:16:59,2023-07-23 00:48:50,2023-07-28 21:28:59,normal
SID10014,2023-08-27 12:31:17,2023-08-28 05:35:50,2023-09-06 09:44:47,2023-09-12 09:17:38,normal
SID10015,2023-08-02 13:11:46,2023-08-02 23:43:58,2023-08-09 01:15:18,2023-08-11 03:46:15,normal
SID10016,2023-12-13 00:00:46,2023-12-13 23:00:55,2023-12-23 04:57:28,2023-12-28 10:43:50,normal
SID10017,2023-10-01 09:05:01,2023-10-01 23:30:23,2023-10-07 09:50:36,2023-10-11 22:11:16,normal
SID10018,2023-10-28 07:21:43,2023-10-28 18:24:03,2023-11-11 05:29:04,2023-11-17 14:34:02,normal
SID10019,2023-05-20 11:52:48,2023-05-21 07:14:30,2023-05-28 02:56:42,2023-06-01 05:32:50,normal
SID10020,2023-07-20 22:13:08,2023-07-21 07:40:15,2023-07-26 11:24:38,2023-08-02 09:46:36,normal
SID10021,2023-07-20 18:17:06,2023-07-21 17:44:54,2023-08-01 00:31:44,2023-08-06 02:50:18,normal
SID10022,2024-07-18 20:58:32,2024-07-19 12:49:38,2024-07-31 17:50:41,2024-08-05 05:55:45,normal
SID10023,2023-05-29 13:53:48,2023-05-30 12:10:12,2023-06-13 03:52:27,2023-06-17 22:37:08,normal
SID10024,2024-04-05 04:54:20,2024-04-05 19:37:44,2024-04-15 09:13:13,2024-04-18 21:19:31,normal
SID10025,2024-03-25 22:32:04,2024-03-26 12:39:14,2024-04-07 06:17:08,2024-04-10 17:11:06,normal
SID10026,2023-02-08 08:21:34,2023-02-08 20:10:27,2023-02-20 22:49:29,2023-02-21 02:48:14,abnormal_shipping
SID10027,2024-04-14 17:02:16,2024-04-15 01:00:23,2024-04-21 06:51:36,2024-04-24 04:33:29,normal
SID10028,2023-09-12 07:29:56,2023-09-12 22:38:45,2023-09-22 18:27:52,2023-09-28 05:54:03,normal
SID10029,2023-08-31 04:36:48,2023-08-31 09:26:47,2023-09-07 20:37:46,2023-09-13 06:01:07,normal
SID10030,2023-03-21 00:14:27,2023-03-21 05:06:32,2023-03-28 04:50:55,2023-04-03 03:38:05,normal
SID10031,2023-08-20 23:13:22,2023-08-21 20:13:41,2023-08-30 18:00:10,2023-09-03 03:24:27,normal
SID10032,2023-05-30 23:02:33,2023-05-31 22:19:03,2023-06-13 08:40:39,2023-06-16 11:41:00,normal
SID10033,2024-01-15 14:27:40,2024-01-15 23:25:35,2024-01-25 01:41:16,2024-01-28 00:45:38,normal
SID10034,2023-04-05 11:07:54,2023-04-05 21:45:00,2023-04-14 05:39:24,2023-04-17 07:18:59,normal
SID10035,2023-02-20 19:51:02,2023-02-21 18:27:56,2023-03-02 16:59:50,2023-03-09 09:53:35,normal
SID10036,2023-04-17 18:49:46,2023-04-18 16:18:28,2023-04-27 17:16:25,2023-04-30 16:24:41,normal
SID10037,2024-04-05 23:52:14,2024-04-06 07:09:45,2024-04-18 06:14:17,2024-04-25 05:11:19,normal
SID10038,2023-09-26 22:02:08,2023-09-27 02:57:38,2023-10-08 23:47:36,2023-10-12 03:04:46,normal
SID10039,2023-05-07 16:07:56,2023-05-07 23:18:01,2023-05-19 06:16:37,2023-05-26 00:22:20,normal
SID10040,2023-11-15 10:43:01,2023-11-16 09:30:06,2023-11-22 06:57:54,2023-11-24 19:32:12,normal
SID10041,2023-08-06 12:22:23,2023-08-07 04:00:03,2023-08-15 23:04:10,2023-08-20 16:15:26,normal
SID10042,2023-10-04 01:26:03,2023-10-04 13:09:18,2023-10-15 14:43:35,2023-10-18 21:41:59,normal
SID10043,2024-06-29 09:02:35,2024-06-29 12:30:34,2024-07-11 17:38:34,2024-07-17 23:26:48,normal
SID10044,2024-06-05 08:47:53,2024-06-05 20:11:55,2024-06-20 03:07:35,2024-06-26 15:45:46,normal
SID10045,2024-02-02 10:02:30,2024-02-02 22:43:39,2024-02-15 07:01:03,2024-02-19 09:30:44,normal
SID10046,2024-07-11 14:25:34,2024-07-11 22:46:41,2024-07-25 09:30:09,2024-08-01 02:19:19,normal
SID10047,2023-12-05 12:09:10,2023-12-06 08:50:41,2023-12-13 03:10:19,2023-12-19 12:45:41,normal
SID10048,2023-09-19 17:27:11,2023-09-20 16:31:40,2023-10-01 23:24:46,2023-10-05 01:58:36,normal
SID10049,2024-06-28 09:36:43,2024-06-28 21:45:59,2024-07-09 15:18:43,2024-07-12 09:02:50,normal
SID10050,2023-02-02 21:59:33,2023-02-03 09:04:38,2023-02-18 03:43:37,2023-02-23 12:24:11,normal
SID10051,2024-08-13 04:34:45,2024-08-13 07:15:02,2024-08-26 18:35:50,2024-09-01 19:14:25,normal
SID10052,2023-01-27 00:34:00,2023-01-28 00:24:11,2023-02-08 05:57:25,2023-02-13 06:52:02,normal
SID10053,2023-12-26 20:28:12,2023-12-27 17:23:13,2024-01-06 14:22:09,2024-01-11 19:01:02,normal
SID10054,2023-02-13 00:21:48,2023-02-13 19:30:29,2023-02-27 01:52:30,2023-03-04 19:00:05,normal
SID10055,2024-01-14 13:00:08,2024-01-15 08:30:53,2024-01-22 02:47:24,2024-01-24 06:16:42,normal
SID10056,2023-10-06 07:29:12,2023-10-07 02:21:49,2023-10-21 09:51:06,2023-10-28 01:13:38,normal
SID10057,2023-08-13 05:36:58,2023-08-13 10:15:31,2023-08-23 04:14:31,2023-08-28 21:08:37,normal
SID10058,2024-01-01 03:56:31,2024-01-01 17:23:30,2024-01-09 00:55:57,2024-01-14 00:14:13,normal
SID10059,2023-05-18 06:37:03,2023-05-18 12:33:58,2023-05-26 09:24:16,2023-05-31 17:23:53,normal
SID10060,2024-02-20 05:37:55,2024-02-21 03:50:07,2024-02-29 23:28:02,2024-03-03 18:20:53,normal
SID10061,2023-12-15 08:11:01,2023-12-16 05:22:30,2023-12-30 13:49:51,2024-01-05 07:13:36,normal
SID10062,2024-07-13 00:13:53,2024-07-13 18:09:40,2024-07-23 12:35:02,2024-07-28 08:22:46,normal
SID10063,2023-05-21 10:59:06,2023-05-21 17:03:39,2023-05-29 18:28:47,2023-06-01 19:35:34,normal
SID10064,2024-09-12 18:32:06,2024-09-13 10:33:38,2024-09-18 11:52:14,2024-09-20 20:36:39,normal
SID10065,2023-07-18 15:28:33,2023-07-19 00:30:31,2023-08-01 13:02:07,2023-08-03 22:04:31,normal
SID10066,2023-03-10 16:57:08,2023-03-11 14:25:05,2023-03-20 14:33:25,2023-03-23 14:23:59,normal
SID10067,2024-05-30 16:21:52,2024-05-31 15:29:04,2024-06-11 20:33:56,2024-06-17 00:11:18,normal
SID10068,2023-04-28 23:24:52,2023-04-29 06:25:44,2023-05-06 14:47:28,2023-05-08 18:17:52,normal
SID10069,2023-04-09 23:14:30,2023-04-10 04:05:42,2023-04-19 17:19:13,2023-04-25 21:47:53,normal
SID10070,2023-05-12 01:50:17,2023-05-12 12:01:40,2023-05-20 14:28:51,2023-05-26 15:50:09,normal
SID10071,2023-09-21 18:10:49,2023-09-22 06:58:33,2023-09-29 04:39:39,2023-10-02 15:05:00,normal
SID10072,2023-07-29 04:00:57,2023-07-29 09:04:34,2023-08-12 05:40:52,2023-08-19 01:55:43,normal
SID10073,2024-02-22 12:43:28,2024-02-22 17:52:28,2024-02-28 18:23:37,2024-02-29 01:02:38,abnormal_shipping
SID10074,2023-04-20 16:21:20,2023-04-20 22:25:29,2023-05-04 04:21:42,2023-05-10 11:06:28,normal
SID10075,2024-08-20 09:20:34,2024-08-21 00:33:23,2024-08-27 01:27:57,2024-08-30 09:43:56,normal
SID10076,2024-08-05 06:30:03,2024-08-05 14:49:59,2024-08-15 21:07:44,2024-08-18 11:42:59,normal
SID10077,2024-05-09 16:22:59,2024-05-09 21:35:30,2024-05-23 09:00:06,2024-05-28 18:03:30,normal
SID10078,2023-07-25 16:33:52,2023-07-26 07:18:14,2023-08-07 13:55:14,2023-08-12 18:43:44,normal
SID10079,2023-05-03 03:04:54,2023-05-03 07:41:02,2023-05-11 15:01:33,2023-05-15 17:18:16,normal
SID10080,2024-08-11 22:30:57,2024-08-12 20:15:22,2024-08-19 12:25:09,2024-08-22 00:06:52,normal
SID10081,2023-04-01 03:25:56,2023-04-01 11:06:09,2023-04-10 02:08:31,2023-04-12 17:11:50,normal
SID10082,2024-06-05 14:37:10,2024-06-06 05:22:38,2024-06-17 02:40:43,2024-06-20 20:47:06,normal
SID10083,2024-07-08 11:07:42,2024-07-08 14:55:09,2024-07-16 21:56:46,2024-07-20 21:15:44,normal
SID10084,2023-12-20 03:09:51,2023-12-20 23:24:06,2023-12-26 20:15:59,2023-12-31 16:38:45,normal
SID10085,2023-01-02 10:47:55,2023-01-02 14:02:27,2023-04-02 12:45:04,2023-04-07 07:31:17,abnormal_warehouse
SID10086,2023-06-10 15:18:25,2023-06-10 23:46:21,2023-10-07 00:40:06,2023-10-12 07:38:47,abnormal_warehouse
SID10087,2023-09-14 04:05:36,2023-09-14 19:43:47,2023-09-29 09:32:08,2023-10-01 11:30:32,normal
SID10088,2024-02-26 16:32:08,2024-02-27 00:45:19,2024-03-09 17:39:49,2024-03-12 09:30:51,normal
SID10089,2023-08-20 19:22:53,2023-08-21 02:17:36,2023-08-28 20:55:45,2023-09-02 16:54:13,normal
SID10090,2023-06-26 22:46:42,2023-06-27 20:09:39,2023-07-11 04:49:59,2023-07-16 12:50:35,normal
SID10091,2023-07-04 22:26:50,2023-07-05 07:27:52,2023-07-14 00:42:44,2023-07-20 22:57:51,normal
SID10092,2024-02-17 11:40:55,2024-02-18 07:23:47,2024-02-26 04:23:16,2024-03-01 13:15:54,normal
SID10093,2023-04-30 12:00:19,2023-05-01 00:27:11,2023-05-14 03:18:47,2023-05-20 07:29:30,normal
SID10094,2023-04-16 21:19:43,2023-04-17 20:58:58,2023-05-01 22:33:19,2023-05-08 02:10:54,normal
SID10095,2024-06-04 19:40:13,2024-06-05 02:06:01,2024-06-11 18:35:24,2024-06-17 10:06:36,normal
SID10096,2023-01-14 09:40:56,2023-01-14 22:50:08,2023-01-26 16:30:05,2023-01-28 21:06:06,normal
SID10097,2023-07-28 04:04:17,2023-07-28 07:14:20,2023-08-08 22:11:58,2023-08-14 22:13:34,normal
SID10098,2023-10-24 13:55:51,2023-10-25 11:01:30,2023-11-02 04:40:09,2023-11-06 15:26:19,normal
SID10099,2023-12-04 23:06:40,2023-12-05 14:24:24,2023-12-16 13:19:14,2023-12-20 13:58:05,normal
SID10100,2024-03-13 10:42:56,2024-03-14 06:04:03,2024-03-24 07:03:22,2024-03-26 16:42:02,normal
SID10101,2024-06-22 05:39:45,2024-06-23 05:21:27,2024-07-07 03:39:29,2024-07-10 03:26:34,normal
SID10102,2024-05-09 02:19:44,2024-05-09 18:24:51,2024-05-18 01:54:00,2024-05-22 05:56:30,normal
SID10103,2024-01-30 13:11:31,2024-01-31 09:23:26,2024-02-08 16:30:00,2024-02-11 12:08:53,normal
SID10104,2023-02-28 22:35:49,2023-03-01 01:26:28,2023-03-10 21:33:10,2023-03-17 06:02:06,normal
SID10105,2023-03-14 14:55:33,2023-03-15 07:02:08,2023-03-27 11:46:53,2023-04-01 09:09:12,normal
SID10106,2024-02-19 14:16:07,2024-02-20 02:55:15,2024-03-03 05:35:28,2024-03-06 04:08:33,normal
SID10107,2023-03-25 02:43:55,2023-03-26 02:36:59,2023-04-02 02:07:55,2023-04-07 18:36:35,normal
SID10108,2023-01-26 19:45:11,2023-01-27 12:00:04,2023-02-11 10:29:52,2023-02-17 18:50:28,normal
SID10109,2023-03-06 19:54:45,2023-03-07 14:40:55,2023-03-22 14:01:30,2023-03-29 00:17:58,normal
SID10110,2024-02-22 15:38:34,2024-02-22 18:41:59,2024-03-01 01:27:22,2024-03-07 19:31:56,normal
SID10111,2024-05-30 10:10:11,2024-05-31 05:42:02,2024-06-14 00:00:02,2024-06-20 06:44:50,normal
SID10112,2024-05-25 10:50:15,2024-05-25 22:31:38,2024-06-08 10:47:08,2024-06-14 19:00:01,normal
SID10113,2023-02-15 08:39:17,2023-02-16 02:16:09,2023-02-22 05:23:33,2023-02-28 16:00:23,normal
SID10114,2023-11-14 21:40:00,2023-11-15 02:21:32,2023-11-27 05:19:37,2023-11-30 11:51:00,normal
SID10115,2023-03-18 07:44:54,2023-03-19 00:03:35,2023-03-29 18:16:51,2023-04-02 10:59:11,normal
SID10116,2023-10-17 21:52:12,2023-10-18 06:20:05,2023-10-29 14:00:11,2023-11-03 19:29:00,normal
SID10117,2024-01-31 17:39:07,2024-02-01 16:10:58,2024-02-13 03:25:39,2024-02-15 19:54:22,normal
SID10118,2024-08-25 21:03:24,2024-08-26 06:02:20,2024-09-06 09:50:10,2024-09-12 11:40:21,normal
SID10119,2023-12-25 11:21:16,2023-12-26 00:40:35,2024-01-03 01:45:25,2024-01-05 05:37:23,normal
SID10120,2024-03-12 12:22:27,2024-03-13 06:18:13,2024-03-20 22:45:43,2024-03-26 06:53:09,normal
SID10121,2023-03-26 11:16:18,2023-03-26 23:14:40,2023-04-08 22:35:11,2023-04-15 06:35:36,normal
SID10122,2023-02-20 23:45:08,2023-02-21 03:24:06,2023-03-01 09:00:15,2023-03-08 01:20:52,normal
SID10123,2023-08-02 02:46:47,2023-08-02 12:40:22,2023-08-11 17:18:10,2023-08-17 23:05:52,normal
SID10124,2024-03-23 11:49:04,2024-03-23 15:29:31,2024-04-04 17:04:21,2024-04-05 04:50:13,abnormal_shipping
SID10125,2023-06-29 00:58:12,2023-06-29 16:31:30,2023-07-12 01:37:29,2023-07-17 14:57:49,normal
SID10126,2023-06-11 00:22:39,2023-06-11 11:58:51,2023-06-21 07:19:38,2023-06-24 23:44:00,normal
SID10127,2024-03-23 05:25:32,2024-03-23 08:49:01,2024-03-28 23:00:05,2024-04-03 02:35:22,normal
SID10128,2024-05-31 23:20:00,2024-06-01 03:35:35,2024-06-10 01:32:12,2024-06-12 14:26:25,normal
SID10129,2024-09-23 04:00:00,2024-09-24 02:07:36,2024-10-02 03:56:02,2024-10-08 17:32:13,normal
SID10130,2023-09-24 04:26:54,2023-09-24 10:46:03,2023-10-07 23:53:34,2023-10-11 08:10:53,normal
SID10131,2023-06-13 12:41:06,2023-06-14 07:06:50,2023-06-26 16:18:54,2023-07-03 14:51:07,normal
SID10132,2024-06-27 09:58:19,2024-06-27 20:43:30,2024-07-04 14:55:52,2024-07-06 15:50:17,normal
SID10133,2023-04-18 15:47:39,2023-04-19 12:27:47,2023-05-02 10:46:56,2023-05-06 12:07:08,normal
SID10134,2024-08-20 18:13:21,2024-08-20 23:49:03,2024-08-31 12:15:51,2024-09-04 11:19:05,normal
SID10135,2024-03-17 21:30:02,2024-03-18 14:01:14,2024-04-02 07:23:12,2024-04-05 03:57:47,normal
SID10136,2023-12-08 23:16:04,2023-12-09 18:40:16,2023-12-19 04:54:07,2023-12-19 09:27:11,abnormal_shipping
SID10137,2024-03-14 09:17:05,2024-03-14 12:06:13,2024-03-26 10:38:29,2024-04-01 17:09:56,normal
SID10138,2023-09-18 19:04:49,2023-09-19 06:49:20,2023-09-29 07:52:31,2023-10-02 10:40:08,normal
SID10139,2023-05-07 09:45:38,2023-05-08 03:06:48,2023-05-18 16:39:22,2023-05-25 05:24:29,normal
SID10140,2023-07-26 04:45:45,2023-07-26 13:00:44,2023-08-07 19:17:56,2023-08-10 00:31:43,normal
SID10141,2023-03-14 11:57:46,2023-03-15 07:47:03,2023-03-22 21:56:05,2023-03-26 18:07:47,normal
SID10142,2024-03-05 20:42:31,2024-03-06 00:09:08,2024-03-18 13:33:53,2024-03-22 17:24:22,normal
SID10143,2024-07-31 09:36:49,2024-08-01 07:43:05,2024-08-07 21:24:59,2024-08-12 11:12:57,normal
SID10144,2024-07-22 03:09:40,2024-07-22 07:58:19,2024-08-06 04:10:35,2024-08-09 14:42:44,normal
SID10145,2023-01-15 18:06:33,2023-01-16 03:36:28,2023-01-25 00:44:19,2023-01-29 04:42:44,normal
SID10146,2023-12-16 22:36:00,2023-12-17 03:05:29,2023-12-23 19:34:08,2023-12-28 19:52:39,normal
SID10147,2023-04-27 09:04:19,2023-04-27 17:32:45,2023-05-08 06:00:45,2023-05-13 15:38:46,normal
SID10148,2024-08-17 11:12:56,2024-08-17 22:43:35,2024-08-27 16:46:40,2024-09-01 19:08:14,normal
SID10149,2023-06-11 08:37:28,2023-06-11 22:31:44,2023-06-23 16:54:19,2023-06-29 00:55:24,normal
SID10150,2024-09-17 17:46:29,2024-09-18 14:29:22,2024-09-24 17:27:18,2024-10-01 14:29:19,normal
SID10151,2023-07-04 22:05:50,2023-07-05 09:15:19,2023-07-18 07:25:12,2023-07-20 23:26:52,normal
SID10152,2023-01-21 21:32:52,2023-01-22 10:52:16,2023-01-31 04:48:15,2023-02-06 22:43:01,normal
SID10153,2024-05-16 09:57:25,2024-05-16 18:11:24,2024-05-22 21:21:56,2024-05-25 13:55:03,normal
SID10154,2023-09-10 10:11:06,2023-09-10 19:45:45,2023-09-22 11:43:17,2023-09-28 14:10:29,normal
SID10155,2023-04-05 03:32:41,2023-04-06 03:08:45,2023-04-20 19:23:04,2023-04-23 19:27:25,normal
SID10156,2023-02-11 10:21:00,2023-02-11 17:58:12,2023-02-26 02:36:18,2023-03-04 20:00:05,normal
SID10157,2023-10-19 21:14:27,2023-10-20 20:17:25,2023-11-04 00:34:50,2023-11-08 06:53:45,normal
SID10158,2024-07-05 06:09:36,2024-07-06 02:54:01,2024-07-15 13:47:48,2024-07-18 09:27:17,normal
SID10159,2024-06-24 18:45:23,2024-06-25 08:10:45,2024-07-01 14:48:27,2024-07-07 03:21:24,normal
SID10160,2023-05-01 17:34:56,2023-05-02 01:07:56,2023-05-07 07:52:16,2023-05-13 16:42:54,normal
SID10161,2024-06-15 03:10:31,2024-06-15 09:20:22,2024-06-26 08:04:37,2024-06-29 01:36:15,normal
SID10162,2023-05-10 13:57:29,2023-05-11 08:16:19,2023-05-17 14:40:11,2023-05-20 02:57:12,normal
SID10163,2024-02-07 08:52:53,2024-02-07 20:32:04,2024-02-21 00:43:11,2024-02-27 13:00:52,normal
SID10164,2023-07-08 00:37:22,2023-07-08 15:50:11,2023-07-19 17:39:20,2023-07-26 01:16:20,normal
SID10165,2024-05-22 07:11:57,2024-05-22 12:42:21,2024-06-03 07:31:41,2024-06-07 00:30:39,normal
SID10166,2023-02-03 01:49:57,2023-02-03 22:18:31,2023-02-09 21:05:08,2023-02-15 23:16:39,normal
SID10167,2023-05-23 13:36:03,2023-05-24 12:41:24,2023-05-29 22:25:51,2023-06-03 15:21:37,normal
SID10168,2024-04-13 13:42:57,2024-04-14 00:35:21,2024-04-21 13:10:57,2024-04-27 20:20:31,normal
SID10169,2023-12-20 01:26:49,2023-12-20 19:16:54,2023-12-26 11:32:51,2024-01-01 16:30:27,normal
SID10170,2023-08-06 14:46:26,2023-08-07 04:39:58,2023-08-12 04:56:17,2023-08-15 05:54:54,normal
SID10171,2023-11-17 02:05:12,2023-11-17 20:49:06,2023-11-28 23:42:58,2023-12-01 19:51:50,normal
SID10172,2024-07-29 23:08:58,2024-07-30 20:43:28,2024-08-12 01:14:55,2024-08-14 16:37:34,normal
SID10173,2023-12-22 15:50:55,2023-12-23 14:21:00,2024-01-03 13:33:52,2024-01-05 14:48:04,normal
SID10174,2024-07-12 05:15:08,2024-07-12 11:37:08,2024-07-18 07:56:29,2024-07-21 23:47:22,normal
SID10175,2023-10-21 14:26:43,2023-10-22 05:34:38,2023-10-27 18:54:12,2023-11-02 16:31:44,normal
SID10176,2023-10-14 13:05:20,2023-10-14 18:59:56,2023-10-20 18:08:06,2023-10-25 11:43:54,normal
SID10177,2024-02-02 04:53:58,2024-02-02 09:15:38,2024-02-09 15:16:36,2024-02-12 15:50:00,normal
SID10178,2023-03-16 18:23:49,2023-03-17 05:42:38,2023-03-28 19:35:23,2023-04-01 12:07:49,normal
SID10179,2023-01-06 03:19:33,2023-01-06 21:35:57,2023-01-12 21:14:11,2023-01-14 22:46:07,normal
SID10180,2023-02-28 07:31:42,2023-03-01 01:04:51,2023-03-06 02:47:32,2023-03-11 23:58:46,normal
SID10181,2023-09-11 05:04:59,2023-09-11 13:35:30,2023-09-25 10:13:36,2023-09-28 20:34:18,normal
SID10182,2023-04-28 09:41:40,2023-04-28 16:40:54,2023-05-13 05:37:14,2023-05-17 01:36:46,normal
SID10183,2024-07-28 10:59:01,2024-07-29 01:22:04,2024-08-07 01:23:10,2024-08-11 03:08:51,normal
SID10184,2023-02-13 01:57:28,2023-02-13 16:50:15,2023-02-23 10:29:25,2023-03-02 09:39:07,normal
SID10185,2024-01-14 08:30:37,2024-01-15 00:37:58,2024-01-29 13:48:01,2024-02-03 05:32:39,normal
SID10186,2024-09-13 00:49:01,2024-09-13 11:26:25,2024-09-26 11:07:50,2024-09-29 00:25:02,normal
SID10187,2024-01-28 12:41:48,2024-01-28 21:52:56,2024-02-08 06:10:36,2024-02-13 01:56:45,normal
SID10188,2024-09-16 09:00:24,2024-09-16 21:54:05,2024-09-29 20:09:15,2024-10-03 17:05:49,normal
SID10189,2023-01-02 16:01:49,2023-01-02 18:35:59,2023-01-17 06:52:11,2023-01-20 13:50:23,normal
SID10190,2024-06-20 22:46:49,2024-06-21 05:05:20,2024-07-03 20:59:29,2024-07-07 11:40:00,normal
SID10191,2023-06-17 18:13:38,2023-06-18 09:29:32,2023-06-28 04:07:08,2023-06-30 16:12:20,normal
SID10192,2024-03-08 02:13:34,2024-03-08 17:58:46,2024-03-17 18:13:23,2024-03-22 04:29:32,normal
SID10193,2023-06-22 16:20:45,2023-06-23 13:25:02,2023-07-06 12:16:36,2023-07-11 16:54:50,normal
SID10194,2023-12-16 02:21:20,2023-12-16 15:22:10,2023-12-23 14:20:33,2023-12-26 11:55:20,normal
SID10195,2024-04-28 14:13:24,2024-04-29 01:05:30,2024-05-04 18:21:07,2024-05-07 20:07:32,normal
SID10196,2024-05-05 18:31:49,2024-05-06 07:48:20,2024-05-11 09:14:50,2024-05-15 20:08:53,normal
SID10197,2023-09-07 21:17:40,2023-09-08 08:21:58,2023-09-14 20:52:52,2023-09-18 01:48:02,normal
SID10198,2024-04-03 04:51:19,2024-04-03 12:43:48,2024-04-10 17:30:00,2024-04-14 10:29:01,normal
SID10199,2023-06-27 12:37:28,2023-06-28 00:35:12,2023-07-03 01:52:44,2023-07-06 14:45:01,normal
SID10200,2023-09-17 16:41:55,2023-09-18 05:09:46,2023-09-25 18:08:53,2023-09-28 02:06:41,normal
SID10201,2024-07-15 23:36:14,2024-07-16 04:28:10,2024-07-26 16:23:38,2024-07-29 17:53:47,normal
SID10202,2024-05-29 06:50:01,2024-05-29 20:33:52,2024-06-07 11:40:28,2024-06-11 22:04:40,normal
SID10203,2024-05-14 08:38:01,2024-05-14 20:56:19,2024-05-29 17:50:19,2024-06-03 05:13:25,normal
SID10204,2023-01-20 13:15:15,2023-01-21 05:00:01,2023-02-03 13:54:01,2023-02-09 23:53:05,normal
SID10205,2023-11-01 05:58:23,2023-11-01 10:03:58,2023-11-10 08:32:55,2023-11-15 20:43:12,normal
SID10206,2024-05-20 16:03:38,2024-05-21 13:09:55,2024-06-03 01:53:35,2024-06-08 12:52:38,normal
SID10207,2023-03-15 02:36:29,2023-03-15 08:17:35,2023-03-25 01:58:54,2023-03-27 08:12:05,normal
SID10208,2024-01-06 22:40:21,2024-01-07 01:11:16,2024-01-14 23:45:40,2024-01-17 12:50:13,normal
SID10209,2024-08-13 06:11:18,2024-08-14 00:21:28,2024-08-28 15:19:49,2024-09-03 11:51:50,normal
SID10210,2024-04-07 01:39:22,2024-04-07 17:22:51,2024-04-15 20:44:15,2024-04-21 08:18:59,normal
SID10211,2023-06-18 10:36:29,2023-06-19 08:49:13,2023-06-27 14:57:39,2023-07-03 18:21:40,normal
SID10212,2023-08-25 05:55:28,2023-08-26 03:16:47,2023-09-09 07:57:49,2023-09-14 10:27:02,normal
SID10213,2024-02-25 14:18:57,2024-02-26 08:01:17,2024-03-05 02:02:13,2024-03-07 11:17:30,normal
SID10214,2023-04-17 15:39:41,2023-04-18 04:47:44,2023-04-28 06:53:54,2023-04-30 22:21:57,normal
SID10215,2024-06-13 18:18:05,2024-06-14 01:04:21,2024-06-22 15:03:48,2024-06-28 16:40:00,normal
SID10216,2023-04-23 17:34:05,2023-04-23 21:44:30,2023-05-03 07:39:21,2023-05-08 06:56:34,normal
SID10217,2023-10-13 02:11:28,2023-10-13 08:36:28,2023-10-27 06:16:51,2023-11-02 17:02:31,normal
SID10218,2024-09-13 21:22:01,2024-09-14 09:26:58,2024-09-29 09:25:01,2024-10-06 02:00:29,normal
SID10219,2023-09-17 18:39:03,2023-09-17 21:06:49,2023-09-30 16:16:26,2023-10-05 14:55:12,normal
SID10220,2024-01-17 08:24:35,2024-01-18 01:53:30,2024-01-27 00:42:18,2024-02-01 22:44:48,normal
SID10221,2024-04-22 21:17:09,2024-04-23 10:51:04,2024-04-30 20:36:03,2024-05-05 08:10:14,normal
SID10222,2023-04-28 22:15:08,2023-04-29 06:55:34,2023-05-05 10:04:44,2023-05-07 20:28:13,normal
SID10223,2024-06-06 17:09:39,2024-06-07 09:37:05,2024-06-17 17:02:19,2024-06-20 13:25:21,normal
SID10224,2024-06-04 12:08:58,2024-06-05 05:18:21,2024-06-11 06:47:01,2024-06-15 04:52:53,normal
SID10225,2023-05-31 17:13:46,2023-06-01 03:03:36,2023-06-06 15:48:04,2023-06-09 14:47:03,normal
SID10226,2023-12-29 22:02:41,2023-12-30 04:01:17,2024-01-13 15:56:38,2024-01-19 21:04:52,normal
SID10227,2023-09-22 09:28:07,2023-09-23 06:51:36,2023-10-02 21:55:59,2023-10-08 20:08:05,normal
SID10228,2024-02-27 19:40:43,2024-02-28 18:19:51,2024-03-13 12:25:41,2024-03-19 17:05:42,normal
SID10229,2024-06-04 06:17:00,2024-06-04 22:02:11,2024-06-13 18:17:18,2024-06-19 02:27:01,normal
SID10230,2023-02-05 19:04:15,2023-02-06 05:47:17,2023-02-19 07:33:19,2023-02-23 23:27:07,normal
SID10231,2023-05-27 21:13:40,2023-05-28 12:14:00,2023-06-08 17:48:27,2023-06-12 11:51:50,normal
SID10232,2024-01-16 15:00:16,2024-01-17 07:12:13,2024-01-27 14:28:25,2024-01-31 20:51:33,normal
SID10233,2023-04-12 10:24:35,2023-04-12 17:47:48,2023-04-21 03:11:34,2023-04-25 08:46:25,normal
SID10234,2024-05-06 12:51:23,2024-05-07 09:09:30,2024-05-17 17:06:44,2024-05-22 15:26:37,normal
SID10235,2024-03-14 11:09:41,2024-03-14 20:27:34,2024-03-28 16:28:15,2024-03-31 12:05:13,normal
SID10236,2023-01-11 08:47:47,2023-01-11 21:58:58,2023-01-26 02:28:59,2023-01-26 06:30:33,abnormal_shipping
SID10237,2023-06-01 04:21:10,2023-06-01 23:52:19,2023-06-12 21:07:12,2023-06-16 05:45:33,normal
SID10238,2023-01-14 17:25:15,2023-01-15 17:01:41,2023-01-28 14:49:50,2023-02-01 19:42:16,normal
SID10239,2023-04-05 01:09:12,2023-04-05 20:00:22,2023-04-16 03:11:19,2023-04-22 08:37:59,normal
SID10240,2023-11-15 19:09:58,2023-11-16 13:30:33,2023-11-23 14:50:36,2023-11-25 16:17:07,normal
SID10241,2024-05-16 01:26:41,2024-05-16 17:57:28,2024-05-27 15:25:42,2024-05-30 23:09:09,normal
SID10242,2023-03-21 05:49:07,2023-03-21 22:58:38,2023-04-05 20:55:13,2023-04-09 03:19:52,normal
SID10243,2023-04-15 01:47:09,2023-04-15 06:34:32,2023-04-21 21:10:11,2023-04-25 02:12:49,normal
SID10244,2024-08-29 17:48:58,2024-08-30 15:09:10,2024-09-09 09:04:53,2024-09-16 05:35:44,normal
SID10245,2023-10-04 10:55:45,2023-10-04 21:51:16,2023-10-10 16:47:36,2023-10-17 01:41:36,normal
SID10246,2024-02-18 08:22:18,2024-02-18 21:58:03,2024-02-24 10:27:07,2024-02-26 23:39:52,normal
SID10247,2023-01-31 12:52:37,2023-02-01 08:21:08,2023-02-11 16:02:57,2023-02-13 21:46:47,normal
SID10248,2023-01-08 18:41:16,2023-01-09 00:37:57,2023-01-18 17:24:01,2023-01-22 18:55:52,normal
SID10249,2023-10-29 08:05:35,2023-10-29 16:46:36,2023-11-05 08:52:05,2023-11-09 10:06:43,normal
SID10250,2024-09-25 00:55:36,2024-09-25 10:09:44,2024-10-09 03:11:58,2024-10-11 15:40:47,normal
SID10251,2024-06-02 20:21:36,2024-06-03 15:51:19,2024-06-16 12:38:52,2024-06-21 00:27:05,normal
SID10252,2024-09-17 02:10:46,2024-09-17 07:28:28,2024-09-28 09:18:21,2024-10-02 11:25:03,normal
SID10253,2023-11-01 22:40:05,2023-11-02 16:08:32,2023-11-15 11:36:19,2023-11-19 05:24:51,normal
SID10254,2024-05-03 17:30:41,2024-05-04 15:22:21,2024-05-17 21:58:48,2024-05-22 14:49:22,normal
SID10255,2024-06-28 01:20:30,2024-06-28 03:56:06,2024-07-08 20:00:39,2024-07-14 17:10:16,normal
SID10256,2024-09-17 21:56:58,2024-09-18 07:08:20,2024-09-28 01:42:26,2024-10-02 08:58:37,normal
SID10257,2024-01-11 13:11:56,2024-01-12 05:20:14,2024-01-20 19:21:19,2024-01-21 02:33:38,abnormal_shipping
SID10258,2023-09-29 18:36:11,2023-09-29 23:04:27,2023-10-11 06:18:38,2023-10-13 19:08:18,normal
SID10259,2023-02-19 07:51:31,2023-02-19 23:10:17,2023-02-26 18:41:02,2023-03-03 18:07:40,normal
SID10260,2024-08-23 14:26:28,2024-08-24 12:33:32,2024-09-04 01:10:06,2024-09-09 11:36:36,normal
SID10261,2024-08-12 19:38:02,2024-08-13 01:42:04,2024-08-23 15:43:35,2024-08-25 18:14:09,normal
SID10262,2024-09-23 08:33:03,2024-09-24 07:26:13,2024-10-08 06:13:53,2024-10-13 01:17:51,normal
SID10263,2023-03-14 11:20:29,2023-03-14 21:12:47,2023-03-25 23:59:44,2023-04-01 14:04:46,normal
SID10264,2024-01-31 07:18:22,2024-01-31 12:03:45,2024-02-11 16:07:28,2024-02-16 19:41:44,normal
SID10265,2023-07-28 10:34:15,2023-07-28 20:07:15,2023-08-06 08:17:01,2023-08-12 03:21:18,normal
SID10266,2023-10-19 04:10:21,2023-10-19 09:28:34,2023-11-02 00:52:16,2023-11-07 10:52:17,normal
SID10267,2023-01-22 19:09:35,2023-01-23 10:31:44,2023-01-30 17:05:35,2023-02-05 05:02:07,normal
SID10268,2024-05-08 13:59:13,2024-05-09 10:53:58,2024-05-20 09:15:55,2024-05-25 15:25:33,normal
SID10269,2023-07-10 18:53:22,2023-07-11 04:38:50,2023-07-18 15:47:05,2023-07-22 07:35:20,normal
SID10270,2023-05-18 04:21:14,2023-05-18 20:42:08,2023-05-26 17:49:25,2023-05-31 22:06:02,normal
SID10271,2023-09-28 11:42:27,2023-09-29 04:27:15,2023-10-08 22:12:57,2023-10-15 16:01:13,normal
SID10272,2024-04-28 07:47:34,2024-04-28 14:23:27,2024-08-24 16:16:12,2024-08-31 01:19:04,abnormal_warehouse
SID10273,2023-08-27 10:54:39,2023-08-27 22:31:31,2023-09-04 15:58:20,2023-09-08 12:53:22,normal
SID10274,2024-06-04 04:23:33,2024-06-05 03:58:24,2024-06-16 18:57:21,2024-06-20 09:06:53,normal
SID10275,2023-07-15 22:42:45,2023-07-16 14:33:37,2023-07-30 10:35:23,2023-08-02 01:40:42,normal
SID10276,2023-10-13 02:20:43,2023-10-13 13:40:46,2023-10-23 06:31:36,2023-10-25 10:43:22,normal
SID10277,2023-11-08 07:44:55,2023-11-09 07:04:50,2023-11-17 23:07:01,2023-11-24 06:33:32,normal
SID10278,2024-07-07 15:38:36,2024-07-08 05:43:35,2024-07-13 07:05:15,2024-07-16 10:07:33,normal
SID10279,2023-01-26 00:15:13,2023-01-26 08:14:28,2023-02-09 14:11:41,2023-02-11 22:43:36,normal
SID10280,2024-07-17 23:24:00,2024-07-18 02:30:10,2024-07-30 12:42:01,2024-08-06 06:48:23,normal
SID10281,2023-12-08 20:01:14,2023-12-08 22:39:19,2023-12-22 19:53:52,2023-12-29 11:27:00,normal
SID10282,2024-08-20 13:24:10,2024-08-21 11:25:20,2024-08-28 21:38:06,2024-09-02 12:26:34,normal
SID10283,2024-05-23 17:47:26,2024-05-24 17:34:10,2024-05-31 09:46:58,2024-06-02 15:54:26,normal
SID10284,2023-03-22 10:50:09,2023-03-23 06:48:18,2023-03-28 21:21:22,2023-03-31 19:38:02,normal
SID10285,2023-06-26 16:00:20,2023-06-26 18:44:00,2023-07-10 02:23:26,2023-07-15 07:34:00,normal
SID10286,2024-09-09 03:55:34,2024-09-09 08:59:20,2024-09-20 14:14:39,2024-09-26 07:38:21,normal
SID10287,2023-05-29 01:55:50,2023-05-29 22:59:33,2023-06-13 08:27:24,2023-06-15 10:25:50,normal
SID10288,2023-11-27 19:57:11,2023-11-28 04:06:12,2023-12-04 15:39:45,2023-12-10 12:33:14,normal
SID10289,2023-12-23 16:54:34,2023-12-24 00:40:59,2023-12-29 22:28:15,2024-01-01 10:30:10,normal
SID10290,2023-11-05 16:27:50,2023-11-06 03:11:07,2023-11-17 06:32:54,2023-11-24 01:48:21,normal
SID10291,2023-02-05 12:38:42,2023-02-05 22:42:54,2023-02-14 06:09:30,2023-02-19 22:37:24,normal
SID10292,2024-02-04 23:58:28,2024-02-05 15:50:04,2024-02-20 04:00:04,2024-02-24 11:33:30,normal
SID10293,2024-03-30 08:33:14,2024-03-30 22:04:12,2024-04-08 23:36:41,2024-04-15 14:03:58,normal
SID10294,2024-04-14 11:00:50,2024-04-14 15:09:06,2024-04-23 16:01:35,2024-04-29 19:47:42,normal
SID10295,2023-03-04 18:37:30,2023-03-04 22:46:29,2023-03-17 11:22:36,2023-03-20 05:18:20,normal
SID10296,2023-08-04 14:57:33,2023-08-05 05:52:56,2023-08-18 19:54:53,2023-08-22 08:34:03,normal
SID10297,2024-01-19 03:11:14,2024-01-19 20:16:35,2024-02-02 17:56:21,2024-02-04 21:44:02,normal
SID10298,2024-01-16 04:37:09,2024-01-16 20:47:00,2024-05-15 02:56:42,2024-05-17 07:16:31,abnormal_warehouse
SID10299,2023-04-05 05:32:19,2023-04-05 19:39:11,2023-04-11 10:47:01,2023-04-15 02:54:33,normal
SID10300,2024-09-20 11:12:08,2024-09-20 19:37:32,2024-09-26 23:37:24,2024-10-03 10:04:06,normal
SID10301,2023-10-25 20:34:39,2023-10-26 09:39:16,2023-11-08 00:45:24,2023-11-12 09:41:50,normal
SID10302,2023-05-01 22:22:35,2023-05-02 20:52:17,2023-05-15 19:54:44,2023-05-22 01:13:01,normal
SID10303,2023-07-17 09:45:30,2023-07-17 21:33:55,2023-07-24 21:07:51,2023-07-28 22:44:49,normal
SID10304,2024-07-19 07:38:48,2024-07-19 17:34:28,2024-08-03 14:31:52,2024-08-05 19:48:28,normal
SID10305,2023-02-07 02:57:36,2023-02-07 06:28:16,2023-02-12 16:38:17,2023-02-15 17:52:50,normal
SID10306,2023-05-16 06:40:14,2023-05-17 01:36:50,2023-05-23 09:42:24,2023-05-27 06:14:35,normal
SID10307,2023-09-09 15:31:19,2023-09-10 00:42:40,2023-09-15 15:12:22,2023-09-21 00:59:57,normal
SID10308,2024-01-16 03:59:06,2024-01-16 18:17:52,2024-01-29 18:08:28,2024-02-04 08:24:32,normal
SID10309,2023-02-06 03:06:28,2023-02-06 15:11:43,2023-02-18 11:53:43,2023-02-22 15:11:43,normal
SID10310,2023-10-21 22:19:16,2023-10-22 10:03:33,2023-11-04 21:35:21,2023-11-07 13:10:35,normal
SID10311,2024-04-05 15:23:45,2024-04-06 02:11:51,2024-04-20 19:40:42,2024-04-24 08:06:45,normal
SID10312,2023-04-03 15:07:31,2023-04-03 19:45:10,2023-04-17 02:14:46,2023-04-21 04:52:13,normal
SID10313,2024-04-05 16:04:52,2024-04-06 11:32:37,2024-04-17 15:24:17,2024-04-20 03:44:37,normal
SID10314,2023-06-03 11:12:26,2023-06-04 00:13:25,2023-06-15 17:15:17,2023-06-19 15:20:48,normal
SID10315,2023-08-02 23:42:27,2023-08-03 13:07:25,2023-08-14 01:43:12,2023-08-19 04:52:19,normal
SID10316,2024-08-22 01:13:30,2024-08-22 08:09:23,2024-09-04 02:28:25,2024-09-10 15:29:09,normal
SID10317,2023-01-06 07:15:07,2023-01-06 15:11:08,2023-01-21 05:56:06,2023-01-28 03:59:12,normal
SID10318,2024-02-26 05:58:05,2024-02-26 22:36:54,2024-03-12 17:36:47,2024-03-16 17:40:15,normal
SID10319,2023-12-22 13:14:18,2023-12-23 04:04:23,2023-12-30 14:53:22,2024-01-02 11:37:48,normal
SID10320,2024-02-08 05:40:30,2024-02-08 23:36:55,2024-02-22 17:23:10,2024-02-28 13:29:00,normal
SID10321,2023-11-18 18:56:21,2023-11-19 08:04:41,2023-11-25 07:30:10,2023-11-28 16:12:04,normal
SID10322,2023-04-28 21:58:59,2023-04-29 08:53:27,2023-05-10 14:26:35,2023-05-15 01:23:47,normal
SID10323,2024-09-28 16:44:09,2024-09-29 09:39:13,2024-10-11 13:16:14,2024-10-15 21:10:36,normal
SID10324,2024-01-30 14:19:18,2024-01-30 20:55:47,2024-02-10 11:17:54,2024-02-16 15:11:25,normal
SID10325,2023-04-11 04:53:40,2023-04-11 14:38:58,2023-04-19 21:00:36,2023-04-19 23:32:02,abnormal_shipping
SID10326,2023-12-14 02:16:03,2023-12-14 08:37:54,2023-12-29 05:54:57,2024-01-02 11:07:22,normal
SID10327,2023-02-15 20:31:46,2023-02-16 13:51:53,2023-03-02 21:27:32,2023-03-09 18:14:09,normal
SID10328,2024-08-05 15:40:02,2024-08-06 02:02:11,2024-08-18 09:24:24,2024-08-18 16:07:10,abnormal_shipping
SID10329,2024-02-04 23:47:23,2024-02-05 09:35:15,2024-02-13 03:55:18,2024-02-17 23:26:25,normal
SID10330,2023-03-25 07:17:54,2023-03-25 14:02:41,2023-04-06 02:59:48,2023-04-10 21:48:44,normal
SID10331,2024-09-08 21:50:49,2024-09-09 07:49:22,2024-09-14 19:19:30,2024-09-19 06:51:12,normal
SID10332,2023-06-28 01:39:49,2023-06-28 13:58:30,2023-07-11 15:53:36,2023-07-15 15:04:30,normal
SID10333,2024-02-06 19:29:29,2024-02-07 11:55:50,2024-02-18 15:49:13,2024-02-22 21:14:33,normal
SID10334,2023-02-26 19:47:58,2023-02-27 18:36:34,2023-03-07 00:53:40,2023-03-10 21:52:17,normal
SID10335,2023-10-23 06:43:56,2023-10-23 16:36:13,2023-11-02 11:04:17,2023-11-06 04:00:10,normal
SID10336,2024-09-04 08:26:59,2024-09-04 22:14:10,2024-09-16 10:08:18,2024-09-22 09:48:16,normal
SID10337,2024-06-14 17:10:13,2024-06-15 16:26:53,2024-06-27 14:59:00,2024-06-30 08:33:06,normal
SID10338,2023-06-11 06:37:14,2023-06-11 15:14:24,2023-06-26 14:32:38,2023-06-30 05:21:14,normal
SID10339,2024-04-16 13:43:59,2024-04-17 03:59:43,2024-04-29 21:28:49,2024-05-02 11:41:04,normal
SID10340,2024-06-16 10:42:40,2024-06-17 08:41:57,2024-06-29 05:30:40,2024-07-04 17:32:50,normal
SID10341,2023-10-26 17:42:08,2023-10-27 09:35:03,2023-11-01 19:28:02,2023-11-04 17:17:05,normal
SID10342,2024-03-12 05:15:57,2024-03-12 18:55:33,2024-03-24 02:23:45,2024-03-30 10:46:20,normal
SID10343,2024-01-21 21:12:55,2024-01-22 03:58:49,2024-01-28 12:26:16,2024-02-01 14:30:07,normal
SID10344,2024-08-29 21:24:20,2024-08-30 13:38:09,2024-09-14 03:42:28,2024-09-19 19:13:12,normal
SID10345,2024-09-08 03:19:52,2024-09-08 18:59:41,2024-12-04 21:35:25,2024-12-08 23:28:58,abnormal_warehouse
SID10346,2023-12-05 10:22:46,2023-12-06 08:44:10,2023-12-20 17:12:39,2023-12-26 14:03:39,normal
SID10347,2024-05-23 22:26:24,2024-05-24 08:24:18,2024-06-03 20:00:59,2024-06-06 22:45:23,normal
SID10348,2024-05-15 00:03:36,2024-05-15 21:34:18,2024-05-27 01:04:50,2024-06-03 00:46:50,normal
SID10349,2023-04-08 14:04:49,2023-04-08 23:21:40,2023-04-21 00:05:13,2023-04-25 10:14:50,normal
SID10350,2023-10-11 01:40:11,2023-10-11 05:48:24,2023-10-18 01:43:11,2023-10-23 21:58:01,normal
SID10351,2024-06-18 03:50:42,2024-06-18 12:07:16,2024-06-27 15:23:30,2024-07-04 13:12:09,normal
SID10352,2024-09-06 15:30:34,2024-09-07 06:47:49,2024-09-13 08:42:00,2024-09-18 20:21:24,normal
SID10353,2024-04-17 00:02:03,2024-04-17 22:49:55,2024-04-27 07:50:13,2024-05-03 04:16:44,normal
SID10354,2024-05-16 01:14:21,2024-05-17 01:04:10,2024-05-31 04:26:34,2024-06-04 12:55:51,normal
SID10355,2023-05-14 13:44:24,2023-05-14 21:00:48,2023-05-29 10:18:54,2023-06-02 04:28:43,normal
SID10356,2024-03-02 02:53:21,2024-03-02 22:15:19,2024-03-15 06:11:31,2024-03-18 00:39:36,normal
SID10357,2023-04-24 12:42:28,2023-04-24 21:25:32,2023-05-06 01:31:26,2023-05-08 22:21:23,normal
SID10358,2023-03-31 12:29:31,2023-03-31 17:21:10,2023-04-08 19:35:36,2023-04-13 02:33:29,normal
SID10359,2023-12-14 17:45:58,2023-12-15 04:42:02,2023-12-26 13:08:10,2024-01-01 20:05:19,normal
SID10360,2023-01-07 01:43:39,2023-01-07 14:38:17,2023-01-17 09:45:22,2023-01-21 04:10:34,normal
SID10361,2024-07-27 02:29:11,2024-07-27 17:26:17,2024-08-03 11:02:48,2024-08-05 23:42:10,normal
SID10362,2023-11-13 01:29:54,2023-11-13 11:03:12,2023-11-23 11:12:40,2023-11-27 14:16:43,normal
SID10363,2023-11-23 17:29:36,2023-11-24 10:16:36,2023-12-08 07:55:23,2023-12-10 09:39:41,normal
SID10364,2023-05-20 21:12:34,2023-05-21 12:19:13,2023-05-28 05:29:48,2023-05-31 12:53:15,normal
SID10365,2024-04-28 15:17:23,2024-04-29 05:03:14,2024-05-10 04:03:10,2024-05-16 17:05:10,normal
SID10366,2024-06-22 14:23:35,2024-06-22 20:00:49,2024-07-05 04:41:14,2024-07-12 04:37:57,normal
SID10367,2024-04-20 10:37:28,2024-04-20 13:44:11,2024-04-29 15:34:42,2024-05-04 00:16:57,normal
SID10368,2023-06-16 19:40:44,2023-06-17 18:11:39,2023-06-30 20:54:02,2023-07-07 07:37:38,normal
SID10369,2024-03-16 23:06:49,2024-03-17 14:17:40,2024-03-24 19:06:47,2024-03-27 20:58:57,normal
SID10370,2023-09-02 23:40:07,2023-09-03 11:02:05,2023-09-15 03:28:24,2023-09-21 16:43:38,normal
SID10371,2023-01-20 09:05:39,2023-01-21 01:39:34,2023-02-04 04:45:15,2023-02-07 17:32:37,normal
SID10372,2023-07-08 13:45:42,2023-07-08 16:22:09,2023-07-21 03:16:50,2023-07-24 21:26:19,normal
SID10373,2023-01-03 06:57:44,2023-01-03 12:14:10,2023-01-08 19:16:00,2023-01-12 14:39:52,normal
SID10374,2023-11-23 19:17:46,2023-11-24 15:03:23,2023-12-07 06:19:18,2023-12-09 20:26:25,normal
SID10375,2024-06-14 07:47:18,2024-06-14 20:10:15,2024-06-25 12:24:25,2024-06-28 03:02:19,normal
SID10376,2023-09-17 02:36:48,2023-09-17 11:49:47,2023-09-28 06:37:44,2023-09-30 10:06:15,normal
SID10377,2023-07-19 11:33:00,2023-07-20 00:58:00,2023-08-02 03:23:28,2023-08-05 19:32:56,normal
SID10378,2023-04-14 02:27:49,2023-04-14 15:45:14,2023-04-25 04:07:09,2023-04-27 23:59:14,normal
SID10379,2023-11-19 07:56:56,2023-11-20 06:52:23,2023-12-05 00:28:41,2023-12-11 05:19:52,normal
SID10380,2024-01-24 15:42:15,2024-01-25 03:07:26,2024-02-09 00:37:24,2024-02-12 17:13:53,normal
SID10381,2023-06-19 04:16:20,2023-06-19 20:29:43,2023-06-28 02:07:50,2023-07-03 07:50:28,normal
SID10382,2023-04-21 20:23:32,2023-04-22 07:53:44,2023-05-01 15:31:00,2023-05-05 11:38:38,normal
SID10383,2023-02-25 16:56:14,2023-02-25 22:46:59,2023-03-06 09:16:14,2023-03-08 09:46:50,normal
SID10384,2024-05-05 13:17:03,2024-05-06 08:13:30,2024-05-16 15:58:30,2024-05-20 02:23:36,normal
SID10385,2023-03-14 00:42:33,2023-03-14 21:20:28,2023-03-21 03:57:54,2023-03-23 14:37:24,normal
SID10386,2023-09-14 00:17:16,2023-09-14 04:45:42,2023-09-27 01:21:15,2023-09-29 15:06:07,normal
SID10387,2024-05-07 07:53:08,2024-05-07 21:06:50,2024-05-18 09:25:53,2024-05-21 12:38:33,normal
SID10388,2023-03-15 23:09:36,2023-03-16 08:22:26,2023-03-27 14:27:19,2023-03-31 20:08:08,normal
SID10389,2023-01-12 10:49:47,2023-01-12 18:50:56,2023-01-18 17:26:32,2023-01-24 14:00:11,normal
SID10390,2023-05-27 14:31:49,2023-05-27 20:11:28,2023-06-10 08:52:48,2023-06-12 22:59:22,normal
SID10391,2023-09-27 22:51:52,2023-09-28 21:49:24,2023-10-07 19:25:26,2023-10-10 00:04:32,normal
SID10392,2023-01-26 05:34:40,2023-01-26 18:59:57,2023-02-07 01:50:26,2023-02-12 00:45:54,normal
SID10393,2023-02-25 18:10:26,2023-02-26 09:24:47,2023-03-10 09:01:49,2023-03-16 21:17:17,normal
SID10394,2023-08-21 09:59:39,2023-08-22 05:56:42,2023-09-01 17:30:04,2023-09-07 16:59:36,normal
SID10395,2023-10-02 15:24:23,2023-10-03 01:41:43,2023-10-10 06:56:38,2023-10-15 23:37:41,normal
SID10396,2023-12-15 21:47:01,2023-12-16 05:33:33,2023-12-25 09:58:07,2023-12-31 09:40:50,normal
SID10397,2024-08-04 21:04:42,2024-08-05 17:01:00,2024-08-12 22:41:36,2024-08-18 05:54:40,normal
SID10398,2023-09-23 19:23:56,2023-09-24 02:09:21,2023-10-01 02:35:05,2023-10-05 01:04:17,normal
SID10399,2024-08-18 16:26:26,2024-08-19 14:45:04,2024-11-07 10:12:13,2024-11-09 12:30:54,abnormal_warehouse
SID10400,2024-07-16 09:29:25,2024-07-17 06:51:46,2024-07-31 00:15:26,2024-08-02 00:15:58,normal
SID10401,2024-03-04 23:22:17,2024-03-05 14:59:42,2024-03-14 15:59:56,2024-03-17 05:33:07,normal
SID10402,2023-06-05 00:44:01,2023-06-05 03:33:35,2023-06-12 01:50:19,2023-06-18 00:03:58,normal
SID10403,2023-12-27 05:45:11,2023-12-27 08:11:13,2024-01-05 08:09:14,2024-01-08 01:41:10,normal
SID10404,2023-10-23 03:42:55,2023-10-23 16:14:42,2023-11-04 02:14:10,2023-11-07 06:12:32,normal
SID10405,2024-07-05 11:43:20,2024-07-06 04:51:29,2024-07-20 22:43:13,2024-07-26 13:45:19,normal
SID10406,2024-09-10 03:49:06,2024-09-10 16:44:04,2024-09-25 04:40:58,2024-09-28 18:41:58,normal
SID10407,2024-05-05 09:02:49,2024-05-06 01:03:07,2024-05-16 17:41:36,2024-05-18 19:21:02,normal
SID10408,2024-09-24 21:58:31,2024-09-25 01:16:14,2024-10-01 00:42:57,2024-10-07 21:25:43,normal
SID10409,2023-01-07 03:36:37,2023-01-07 07:51:45,2023-01-15 13:11:08,2023-01-18 06:53:39,normal
SID10410,2024-08-27 20:51:42,2024-08-28 04:03:37,2024-09-10 23:29:55,2024-09-15 02:14:36,normal
SID10411,2024-02-26 12:32:04,2024-02-27 04:28:36,2024-03-12 15:20:33,2024-03-19 00:02:53,normal
SID10412,2023-03-25 00:45:08,2023-03-25 19:35:17,2023-04-01 13:53:28,2023-04-08 05:39:10,normal
SID10413,2024-06-01 16:26:01,2024-06-02 03:13:47,2024-06-07 09:54:07,2024-06-11 00:26:09,normal
SID10414,2023-05-03 02:27:38,2023-05-03 20:56:55,2023-05-13 21:28:40,2023-05-18 10:23:39,normal
SID10415,2024-03-19 01:07:13,2024-03-19 21:00:35,2024-03-29 12:00:01,2024-04-03 21:29:29,normal
SID10416,2023-02-08 16:30:52,2023-02-09 04:20:34,2023-02-24 03:22:44,2023-03-01 02:42:52,normal
SID10417,2024-01-22 13:32:57,2024-01-23 13:16:28,2024-02-03 00:29:29,2024-02-08 16:46:23,normal
SID10418,2023-09-06 21:04:26,2023-09-07 17:03:33,2023-09-22 04:09:11,2023-09-26 23:40:37,normal
SID10419,2024-01-09 10:18:27,2024-01-10 00:29:11,2024-01-20 17:41:30,2024-01-23 21:46:49,normal
SID10420,2023-03-01 20:58:31,2023-03-02 02:14:31,2023-03-15 07:15:10,2023-03-22 04:34:50,normal
SID10421,2023-02-12 07:30:38,2023-02-13 04:07:09,2023-02-24 05:44:53,2023-03-02 06:20:43,normal
SID10422,2023-12-05 09:02:56,2023-12-06 04:00:22,2023-12-18 14:18:38,2023-12-22 20:16:54,normal
SID10423,2024-04-28 13:51:34,2024-04-29 13:48:31,2024-05-06 15:56:56,2024-05-12 19:52:42,normal
SID10424,2023-01-01 13:40:42,2023-01-02 09:29:01,2023-01-14 21:29:33,2023-01-17 21:45:52,normal
SID10425,2024-03-02 21:05:32,2024-03-03 14:50:39,2024-03-12 06:30:34,2024-03-17 22:27:45,normal
SID10426,2023-07-17 02:54:18,2023-07-17 13:35:15,2023-07-25 03:58:55,2023-07-29 23:14:30,normal
SID10427,2024-02-28 16:49:21,2024-02-28 20:24:34,2024-06-24 23:52:46,2024-06-27 06:42:12,abnormal_warehouse
SID10428,2023-01-12 18:48:51,2023-01-12 21:45:17,2023-01-24 04:48:43,2023-01-28 22:06:04,normal
SID10429,2024-04-13 00:59:06,2024-04-13 11:46:11,2024-04-28 04:59:08,2024-05-04 08:39:36,normal
SID10430,2023-03-26 23:09:22,2023-03-27 17:01:37,2023-04-03 22:04:02,2023-04-09 13:39:34,normal
SID10431,2023-12-16 19:30:07,2023-12-17 07:17:01,2023-12-25 04:59:41,2023-12-29 01:00:21,normal
SID10432,2024-08-16 21:51:26,2024-08-17 10:28:18,2024-08-24 07:27:16,2024-08-30 05:13:13,normal
SID10433,2023-03-29 13:45:33,2023-03-30 03:00:25,2023-04-10 12:58:36,2023-04-12 15:54:35,normal
SID10434,2024-08-12 17:08:36,2024-08-13 14:32:49,2024-08-19 10:49:54,2024-08-23 05:22:57,normal
SID10435,2023-06-27 03:15:24,2023-06-27 12:02:36,2023-07-08 23:38:46,2023-07-13 07:37:11,normal
SID10436,2023-06-28 09:40:01,2023-06-28 21:19:31,2023-07-04 01:50:15,2023-07-07 04:41:49,normal
SID10437,2023-02-20 10:28:48,2023-02-21 07:36:31,2023-03-03 20:14:47,2023-03-07 19:30:24,normal
SID10438,2023-03-08 16:15:37,2023-03-09 10:17:59,2023-03-22 20:37:03,2023-03-27 05:53:21,normal
SID10439,2024-08-13 00:36:47,2024-08-13 11:45:15,2024-08-18 19:12:40,2024-08-24 18:50:13,normal
SID10440,2023-10-12 07:51:04,2023-10-13 02:26:18,2023-10-21 22:00:26,2023-10-27 12:02:34,normal
SID10441,2023-06-24 15:37:39,2023-06-25 02:08:35,2023-07-02 01:44:33,2023-07-08 21:44:48,normal
SID10442,2024-08-22 15:35:16,2024-08-22 22:49:44,2024-08-29 06:08:34,2024-09-03 23:21:27,normal
SID10443,2024-09-02 11:02:48,2024-09-03 07:53:34,2024-09-08 19:04:38,2024-09-14 22:50:30,normal
SID10444,2024-06-19 03:51:19,2024-06-20 02:03:21,2024-06-27 08:01:34,2024-07-01 18:00:25,normal
SID10445,2023-01-21 01:50:40,2023-01-21 07:54:00,2023-02-04 10:50:28,2023-02-10 02:10:49,normal
SID10446,2023-04-27 09:04:39,2023-04-27 13:40:46,2023-05-03 22:13:07,2023-05-08 19:49:46,normal
SID10447,2023-02-23 11:09:16,2023-02-24 03:49:10,2023-03-05 18:24:45,2023-03-08 08:52:06,normal
SID10448,2023-07-06 13:51:03,2023-07-07 04:34:32,2023-07-14 13:32:04,2023-07-17 13:14:11,normal
SID10449,2024-02-13 20:59:02,2024-02-14 13:37:29,2024-02-28 10:42:58,2024-03-03 22:48:17,normal
SID10450,2023-12-28 09:43:03,2023-12-29 07:33:39,2024-01-10 12:55:44,2024-01-16 06:48:44,normal
SID10451,2023-11-16 05:05:43,2023-11-16 11:21:49,2023-11-24 23:25:55,2023-12-01 12:14:33,normal
SID10452,2023-08-21 17:30:04,2023-08-22 04:40:38,2023-09-02 12:49:30,2023-09-09 09:14:06,normal
SID10453,2023-01-16 00:58:47,2023-01-16 11:05:05,2023-01-27 07:22:05,2023-02-03 03:28:23,normal
SID10454,2023-06-09 00:28:29,2023-06-09 19:07:50,2023-06-22 09:17:05,2023-06-26 11:33:57,normal
SID10455,2023-06-30 05:36:31,2023-06-30 15:31:14,2023-07-08 05:44:49,2023-07-11 10:32:43,normal
SID10456,2024-07-19 16:52:34,2024-07-20 16:00:13,2024-08-02 14:07:33,2024-08-07 04:46:55,normal
SID10457,2023-11-10 23:40:52,2023-11-11 10:04:11,2023-11-17 20:48:39,2023-11-23 20:37:13,normal
SID10458,2023-04-03 15:38:26,2023-04-04 12:34:16,2023-04-10 11:53:09,2023-04-17 07:49:33,normal
SID10459,2023-05-21 10:07:58,2023-05-21 16:55:47,2023-05-28 08:08:49,2023-05-31 15:22:20,normal
SID10460,2024-05-26 21:31:25,2024-05-27 00:51:20,2024-06-02 18:52:18,2024-06-07 17:24:54,normal
SID10461,2024-04-26 16:27:12,2024-04-27 16:12:03,2024-05-04 00:54:06,2024-05-07 23:36:24,normal
SID10462,2023-08-10 14:49:37,2023-08-11 01:24:49,2023-08-25 02:39:24,2023-08-30 11:03:34,normal
SID10463,2024-02-17 20:59:05,2024-02-18 16:05:44,2024-02-27 04:23:12,2024-03-03 05:28:36,normal
SID10464,2024-08-23 14:27:26,2024-08-24 11:39:13,2024-08-31 16:20:18,2024-09-04 17:47:17,normal
SID10465,2023-05-21 05:37:18,2023-05-21 14:33:09,2023-06-04 15:17:10,2023-06-09 21:08:40,normal
SID10466,2023-09-23 22:43:55,2023-09-24 01:49:32,2023-09-29 08:48:07,2023-10-06 03:35:31,normal
SID10467,2023-09-10 06:06:36,2023-09-10 11:42:00,2023-09-19 06:04:51,2023-09-22 15:49:51,normal
SID10468,2023-10-09 18:59:31,2023-10-10 05:48:55,2023-10-18 04:07:24,2023-10-20 06:38:24,normal
SID10469,2023-07-23 10:01:25,2023-07-23 19:01:35,2023-07-29 20:44:21,2023-08-05 13:56:53,normal
SID10470,2023-03-30 16:22:26,2023-03-31 02:21:41,2023-04-10 21:51:56,2023-04-17 19:34:56,normal
SID10471,2024-03-01 15:09:01,2024-03-01 23:13:15,2024-03-07 17:16:53,2024-03-11 13:04:07,normal
SID10472,2023-06-28 18:38:28,2023-06-29 09:37:57,2023-07-07 13:22:27,2023-07-10 04:52:45,normal
SID10473,2024-01-12 00:01:38,2024-01-12 08:33:56,2024-01-20 21:17:45,2024-01-25 22:48:41,normal
SID10474,2024-02-29 03:01:19,2024-02-29 12:56:48,2024-03-09 21:36:07,2024-03-12 08:13:53,normal
SID10475,2023-10-10 16:36:14,2023-10-10 23:41:10,2023-10-24 02:05:30,2023-10-27 16:23:18,normal
SID10476,2023-04-13 06:19:29,2023-04-14 03:31:40,2023-04-20 04:17:16,2023-04-24 12:50:37,normal
SID10477,2023-05-17 23:45:30,2023-05-18 06:38:13,2023-06-01 01:44:35,2023-06-03 10:05:55,normal
SID10478,2023-03-19 18:05:18,2023-03-20 14:50:42,2023-03-31 21:12:26,2023-04-05 11:13:37,normal
SID10479,2023-10-03 22:41:30,2023-10-04 11:58:15,2023-10-16 19:05:10,2023-10-20 20:05:45,normal
SID10480,2024-06-16 12:52:42,2024-06-16 22:03:02,2024-06-30 05:30:21,2024-07-04 21:36:08,normal
SID10481,2023-12-01 07:40:25,2023-12-02 04:48:42,2023-12-15 13:35:46,2023-12-21 06:05:11,normal
SID10482,2024-03-24 01:49:54,2024-03-24 13:52:38,2024-03-31 10:56:12,2024-04-05 09:33:52,normal
SID10483,2024-05-07 00:40:30,2024-05-07 22:32:30,2024-05-18 23:24:54,2024-05-20 23:57:50,normal
SID10484,2023-09-16 09:11:50,2023-09-16 15:38:26,2023-09-27 15:57:40,2023-09-29 20:24:07,normal
SID10485,2024-01-21 04:31:12,2024-01-21 12:43:51,2024-01-27 03:00:58,2024-01-31 12:35:06,normal
SID10486,2023-01-02 20:51:16,2023-01-03 04:41:20,2023-01-10 21:03:08,2023-01-16 14:51:04,normal
SID10487,2024-03-07 07:03:37,2024-03-07 11:32:51,2024-03-17 23:40:00,2024-03-20 21:45:54,normal
SID10488,2023-03-08 09:28:06,2023-03-08 13:48:04,2023-03-14 16:14:45,2023-03-19 09:47:12,normal
SID10489,2024-06-01 21:00:05,2024-06-02 15:02:45,2024-06-16 16:14:11,2024-06-20 23:00:54,normal
SID10490,2023-07-29 12:45:48,2023-07-30 01:53:43,2023-08-08 13:35:43,2023-08-15 09:26:27,normal
SID10491,2023-01-23 01:17:05,2023-01-24 00:10:27,2023-01-31 02:01:42,2023-01-31 11:39:06,abnormal_shipping
SID10492,2024-04-21 15:24:49,2024-04-21 21:49:25,2024-05-01 00:18:44,2024-05-05 23:16:10,normal
SID10493,2024-09-09 12:35:53,2024-09-10 03:56:51,2024-09-24 09:29:47,2024-09-29 12:24:44,normal
SID10494,2024-07-14 09:07:32,2024-07-15 05:41:53,2024-07-27 04:14:18,2024-07-31 00:58:31,normal
SID10495,2024-05-02 19:09:01,2024-05-03 18:51:41,2024-05-12 11:59:54,2024-05-17 22:53:08,normal
SID10496,2023-08-29 18:25:31,2023-08-30 10:49:20,2023-09-06 08:05:01,2023-09-11 06:35:39,normal
SID10497,2023-10-31 12:50:45,2023-10-31 20:51:46,2023-11-15 17:31:02,2023-11-18 14:53:47,normal
SID10498,2023-12-03 23:32:34,2023-12-04 07:30:35,2023-12-11 12:04:57,2023-12-15 07:56:19,normal
SID10499,2024-05-01 02:13:54,2024-05-01 08:29:14,2024-07-25 18:12:45,2024-07-27 18:44:24,abnormal_warehouse
SID10500,2024-02-06 10:04:57,2024-02-07 00:32:30,2024-02-16 04:06:55,2024-02-22 03:32:22,normal
SID10501,2023-07-23 23:13:37,2023-07-24 07:15:17,2023-08-07 03:23:13,2023-08-12 06:49:51,normal
SID10502,2024-02-25 01:19:50,2024-02-25 10:04:06,2024-03-11 02:03:46,2024-03-13 18:48:51,normal
SID10503,2023-01-29 23:37:35,2023-01-30 11:05:40,2023-02-10 15:08:43,2023-02-16 07:52:01,normal
SID10504,2023-04-22 00:23:21,2023-04-22 16:32:33,2023-05-01 01:18:49,2023-05-05 04:07:17,normal
SID10505,2023-06-08 09:31:35,2023-06-09 08:05:52,2023-06-20 16:17:14,2023-06-26 17:19:58,normal
SID10506,2023-09-09 20:10:36,2023-09-10 02:56:10,2023-09-24 06:23:20,2023-10-01 01:33:52,normal
SID10507,2023-12-30 21:55:57,2023-12-31 10:54:12,2024-01-09 05:01:53,2024-01-13 12:47:10,normal
SID10508,2024-01-16 20:37:59,2024-01-17 19:14:39,2024-01-28 02:10:25,2024-01-31 06:50:34,normal
SID10509,2023-09-17 01:49:31,2023-09-17 10:20:12,2023-09-27 13:38:30,2023-10-01 00:06:24,normal
SID10510,2023-12-11 02:34:33,2023-12-12 01:58:16,2023-12-25 11:40:30,2023-12-31 15:33:25,normal
SID10511,2023-07-22 14:06:04,2023-07-23 05:01:32,2023-08-03 12:06:14,2023-08-07 13:40:53,normal
SID10512,2023-01-27 22:47:20,2023-01-28 10:16:28,2023-02-11 01:11:05,2023-02-13 22:47:03,normal
SID10513,2024-05-26 19:43:32,2024-05-27 08:35:41,2024-06-09 10:18:22,2024-06-14 18:50:23,normal
SID10514,2023-10-12 07:15:56,2023-10-12 10:35:07,2023-10-18 22:02:49,2023-10-21 14:42:44,normal
SID10515,2024-06-22 17:13:01,2024-06-23 08:03:42,2024-06-29 22:38:12,2024-07-02 05:24:32,normal
SID10516,2024-03-09 01:44:46,2024-03-09 23:11:55,2024-03-19 13:06:58,2024-03-23 08:32:57,normal
SID10517,2023-03-11 13:15:47,2023-03-12 10:29:03,2023-03-19 02:38:50,2023-03-26 00:28:24,normal
SID10518,2023-09-24 13:21:55,2023-09-25 08:19:47,2023-10-04 23:01:40,2023-10-08 04:43:15,normal
SID10519,2024-05-11 08:05:26,2024-05-12 01:30:03,2024-05-19 11:50:31,2024-05-24 22:30:24,normal
SID10520,2024-06-26 05:25:37,2024-06-26 18:02:22,2024-07-05 10:51:15,2024-07-10 19:08:50,normal
SID10521,2023-10-25 06:58:00,2023-10-25 17:54:36,2023-10-30 21:15:00,2023-11-03 02:04:44,normal
SID10522,2024-01-16 02:54:28,2024-01-16 15:43:45,2024-01-30 21:59:13,2024-02-02 16:49:12,normal
SID10523,2023-08-07 17:00:44,2023-08-07 19:53:45,2023-08-14 17:04:14,2023-08-19 02:05:12,normal
SID10524,2023-08-08 15:08:23,2023-08-08 22:18:57,2023-08-14 03:43:39,2023-08-17 04:22:45,normal
SID10525,2023-11-14 20:17:48,2023-11-15 15:29:03,2023-11-25 04:14:20,2023-11-27 12:00:41,normal
SID10526,2023-07-05 17:38:42,2023-07-06 16:33:57,2023-07-18 10:01:53,2023-07-18 16:29:25,abnormal_shipping
SID10527,2024-07-02 13:38:46,2024-07-02 17:43:09,2024-07-16 06:54:28,2024-07-19 19:36:08,normal
SID10528,2023-10-13 23:08:28,2023-10-14 02:54:03,2023-10-23 09:29:58,2023-10-27 01:36:40,normal
SID10529,2023-12-06 14:35:04,2023-12-06 19:57:11,2023-12-21 18:44:53,2023-12-26 00:37:08,normal
SID10530,2023-01-30 11:44:05,2023-01-30 14:08:31,2023-02-10 20:07:54,2023-02-17 16:17:08,normal
SID10531,2024-08-01 18:50:39,2024-08-02 12:53:34,2024-10-27 06:48:58,2024-11-02 01:42:08,abnormal_warehouse
SID10532,2023-07-14 14:10:21,2023-07-15 03:53:16,2023-07-28 18:36:01,2023-08-03 23:13:08,normal
SID10533,2023-04-05 13:12:28,2023-04-06 01:55:09,2023-04-20 12:47:26,2023-04-23 03:39:22,normal
SID10534,2024-05-18 06:39:19,2024-05-18 23:20:25,2024-05-28 00:24:31,2024-06-01 19:59:16,normal
SID10535,2024-01-20 08:42:05,2024-01-20 12:52:59,2024-02-01 06:02:09,2024-02-05 04:15:59,normal
SID10536,2024-07-31 22:02:51,2024-08-01 20:53:01,2024-08-07 18:22:57,2024-08-13 21:15:11,normal
SID10537,2023-01-29 00:36:38,2023-01-29 04:57:33,2023-02-08 10:30:49,2023-02-12 00:01:19,normal
SID10538,2024-07-14 13:33:02,2024-07-15 10:23:31,2024-07-22 17:16:02,2024-07-28 12:15:00,normal
SID10539,2023-03-05 01:13:00,2023-03-05 04:55:57,2023-03-17 10:06:03,2023-03-20 04:54:38,normal
SID10540,2024-01-16 17:09:25,2024-01-17 12:03:12,2024-01-23 21:53:14,2024-01-26 15:18:37,normal
SID10541,2023-10-10 21:34:36,2023-10-11 17:10:29,2023-10-22 13:43:02,2023-10-26 07:06:58,normal
SID10542,2023-02-16 07:46:56,2023-02-16 14:04:18,2023-02-24 23:21:30,2023-03-03 16:25:22,normal
SID10543,2024-07-29 13:12:40,2024-07-30 07:20:10,2024-08-07 23:20:48,2024-08-11 07:06:43,normal
SID10544,2023-03-31 04:40:45,2023-03-31 13:06:24,2023-04-10 22:01:52,2023-04-16 18:30:33,normal
SID10545,2023-02-26 22:18:22,2023-02-27 21:28:11,2023-03-05 11:31:24,2023-03-12 03:58:55,normal
SID10546,2024-05-15 01:14:33,2024-05-15 15:12:21,2024-05-28 03:23:47,2024-06-04 00:20:49,normal
SID10547,2023-04-30 20:22:10,2023-05-01 06:38:58,2023-05-06 21:49:25,2023-05-12 12:20:26,normal
SID10548,2024-03-08 19:49:13,2024-03-09 00:23:58,2024-03-15 13:48:54,2024-03-18 16:33:00,normal
SID10549,2024-01-20 10:24:26,2024-01-21 07:20:39,2024-01-31 00:58:46,2024-02-05 15:48:26,normal
SID10550,2023-08-15 23:06:21,2023-08-16 05:38:54,2023-08-28 00:20:21,2023-09-01 15:51:15,normal
SID10551,2023-12-27 06:24:46,2023-12-27 23:24:25,2024-01-09 07:52:11,2024-01-12 04:26:25,normal
SID10552,2024-02-05 00:35:27,2024-02-05 21:01:53,2024-02-12 16:21:46,2024-02-19 14:16:13,normal
SID10553,2023-09-15 09:09:23,2023-09-15 12:46:55,2023-09-24 13:05:10,2023-09-29 09:45:56,normal
SID10554,2023-03-27 03:12:44,2023-03-27 21:07:28,2023-04-02 17:14:33,2023-04-06 12:29:11,normal
SID10555,2024-01-03 05:38:28,2024-01-03 16:45:09,2024-01-11 13:47:50,2024-01-17 00:00:33,normal
SID10556,2023-07-02 00:21:50,2023-07-02 11:28:18,2023-07-09 08:15:13,2023-07-13 01:54:28,normal
SID10557,2023-04-30 18:13:34,2023-05-01 09:28:45,2023-05-13 07:29:38,2023-05-19 02:47:55,normal
SID10558,2023-02-26 04:53:01,2023-02-27 04:50:17,2023-03-14 02:14:40,2023-03-16 12:37:53,normal
SID10559,2023-05-21 20:44:18,2023-05-22 04:58:18,2023-05-31 20:12:18,2023-06-03 04:35:18,normal
SID10560,2024-05-25 09:00:58,2024-05-25 18:01:58,2024-06-02 18:05:34,2024-06-05 06:35:36,normal
SID10561,2023-08-23 12:29:35,2023-08-23 19:44:21,2023-09-07 04:20:00,2023-09-11 17:11:01,normal
SID10562,2023-01-27 01:58:14,2023-01-27 11:38:43,2023-02-10 00:35:23,2023-02-16 09:11:51,normal
SID10563,2023-05-23 23:02:49,2023-05-24 10:37:11,2023-05-31 04:02:18,2023-06-06 14:32:39,normal
SID10564,2024-04-06 16:43:48,2024-04-07 11:43:33,2024-04-19 20:50:24,2024-04-24 10:40:13,normal
SID10565,2024-06-17 23:53:08,2024-06-18 18:22:04,2024-06-29 03:18:50,2024-07-04 20:58:15,normal
SID10566,2024-03-31 03:10:46,2024-03-31 14:20:19,2024-04-08 07:35:18,2024-04-15 03:16:28,normal
SID10567,2023-04-19 15:49:56,2023-04-20 06:12:02,2023-04-30 22:48:42,2023-05-04 16:31:24,normal
SID10568,2024-09-18 02:36:19,2024-09-18 23:20:43,2024-09-29 06:45:17,2024-10-02 08:10:59,normal
SID10569,2023-04-30 11:45:34,2023-05-01 03:28:41,2023-05-14 17:51:05,2023-05-21 11:15:15,normal
SID10570,2023-04-10 09:58:47,2023-04-11 01:33:48,2023-04-21 05:24:00,2023-04-25 21:48:50,normal
SID10571,2024-03-08 01:38:29,2024-03-08 15:08:37,2024-03-18 09:44:44,2024-03-21 18:11:29,normal
SID10572,2023-03-17 12:00:53,2023-03-17 21:52:27,2023-03-25 15:33:40,2023-03-29 00:33:45,normal
SID10573,2023-08-11 09:13:11,2023-08-11 20:22:08,2023-08-26 05:37:19,2023-08-29 00:03:06,normal
SID10574,2023-07-07 06:57:08,2023-07-08 05:41:41,2023-07-17 18:15:45,2023-07-24 09:07:34,normal
SID10575,2023-08-23 06:12:59,2023-08-23 13:20:16,2023-09-05 15:40:28,2023-09-08 08:19:00,normal
SID10576,2024-01-07 03:09:48,2024-01-07 15:03:19,2024-01-18 03:45:42,2024-01-20 17:49:24,normal
SID10577,2023-05-15 17:47:26,2023-05-16 12:59:07,2023-05-26 16:11:16,2023-06-02 14:55:49,normal
SID10578,2023-05-27 21:39:24,2023-05-28 21:31:43,2023-06-10 20:38:13,2023-06-15 23:23:47,normal
SID10579,2023-01-11 08:46:14,2023-01-12 00:15:30,2023-01-22 23:48:06,2023-01-29 01:56:17,normal
SID10580,2023-12-29 19:25:45,2023-12-30 15:38:15,2024-01-12 03:03:35,2024-01-14 19:47:36,normal
SID10581,2024-07-02 18:54:09,2024-07-03 18:52:15,2024-07-10 02:07:36,2024-07-13 07:51:44,normal
SID10582,2023-12-12 18:21:37,2023-12-13 14:28:07,2023-12-27 13:31:51,2023-12-31 14:14:19,normal
SID10583,2023-06-19 08:02:37,2023-06-19 20:41:57,2023-07-02 06:57:21,2023-07-05 22:52:17,normal
SID10584,2024-05-28 13:25:04,2024-05-29 00:40:13,2024-06-11 01:43:27,2024-06-16 03:07:18,normal
SID10585,2024-02-27 18:44:06,2024-02-28 10:57:14,2024-03-10 00:29:35,2024-03-15 13:13:30,normal
SID10586,2023-12-06 06:08:20,2023-12-07 00:28:11,2023-12-12 02:14:59,2023-12-14 05:32:19,normal
SID10587,2023-04-02 03:13:02,2023-04-03 02:51:42,2023-04-13 11:34:23,2023-04-17 14:10:30,normal
SID10588,2023-07-31 17:32:20,2023-07-31 20:55:24,2023-08-07 06:52:38,2023-08-09 13:39:13,normal
SID10589,2023-03-30 15:38:59,2023-03-30 20:57:37,2023-04-05 16:03:58,2023-04-10 17:11:51,normal
SID10590,2023-08-03 22:46:52,2023-08-04 05:43:26,2023-08-18 14:41:01,2023-08-22 00:53:36,normal
SID10591,2024-03-10 10:51:24,2024-03-11 03:49:00,2024-03-20 12:39:51,2024-03-24 06:15:40,normal
SID10592,2024-02-21 05:47:23,2024-02-21 17:01:31,2024-03-06 22:44:32,2024-03-11 11:56:25,normal
SID10593,2024-07-29 07:17:45,2024-07-29 12:33:28,2024-08-06 03:52:13,2024-08-11 11:55:50,normal
SID10594,2023-02-16 16:23:39,2023-02-17 15:54:28,2023-02-25 14:21:38,2023-03-03 09:57:07,normal
SID10595,2024-08-07 10:19:30,2024-08-08 08:46:49,2024-08-19 09:39:51,2024-08-26 02:45:45,normal
SID10596,2023-09-06 13:03:18,2023-09-06 20:18:55,2023-09-12 21:23:11,2023-09-16 13:51:24,normal
SID10597,2024-01-05 10:20:03,2024-01-05 20:37:33,2024-01-20 07:25:43,2024-01-25 05:33:24,normal
SID10598,2023-02-13 17:13:55,2023-02-14 01:44:33,2023-02-26 21:16:30,2023-03-02 16:59:07,normal
SID10599,2023-07-19 23:08:54,2023-07-20 03:14:17,2023-07-31 04:18:04,2023-08-04 10:38:13,normal
SID10600,2023-06-18 03:49:03,2023-06-18 23:21:05,2023-07-02 14:52:32,2023-07-07 01:11:49,normal
SID10601,2023-02-11 02:57:32,2023-02-11 20:49:04,2023-02-25 03:19:05,2023-03-02 03:58:20,normal
SID10602,2024-02-21 00:49:11,2024-02-21 11:16:30,2024-03-03 01:26:52,2024-03-07 21:59:55,normal
SID10603,2024-04-21 00:16:27,2024-04-21 10:31:42,2024-05-02 10:06:21,2024-05-07 11:33:33,normal
SID10604,2023-05-01 21:42:52,2023-05-02 01:10:44,2023-05-15 10:05:21,2023-05-18 19:31:08,normal
SID10605,2023-10-01 16:28:35,2023-10-02 14:12:26,2023-10-12 13:54:43,2023-10-16 08:11:35,normal
SID10606,2024-09-17 08:37:57,2024-09-18 00:41:38,2024-09-28 06:36:21,2024-10-02 06:32:45,normal
SID10607,2023-10-26 02:54:49,2023-10-26 05:39:16,2023-11-05 07:34:05,2023-11-11 09:51:00,normal
SID10608,2023-02-15 06:10:55,2023-02-16 04:29:18,2023-02-27 21:29:40,2023-03-02 14:48:15,normal
SID10609,2024-06-26 12:01:55,2024-06-26 14:26:10,2024-07-04 02:24:56,2024-07-07 07:58:17,normal
SID10610,2024-01-11 01:18:46,2024-01-11 17:45:07,2024-01-26 11:38:13,2024-01-29 13:15:20,normal
SID10611,2024-07-14 06:10:37,2024-07-14 15:41:55,2024-07-27 17:15:11,2024-08-02 13:00:11,normal
SID10612,2024-06-09 00:18:41,2024-06-09 23:31:58,2024-06-20 20:02:14,2024-06-23 16:35:40,normal
SID10613,2024-07-18 21:04:43,2024-07-19 09:23:41,2024-08-03 03:18:40,2024-08-07 13:42:02,normal
SID10614,2024-03-12 18:16:36,2024-03-13 08:57:32,2024-03-27 16:44:45,2024-04-02 16:33:48,normal
SID10615,2024-07-17 03:18:18,2024-07-17 16:45:05,2024-07-26 19:51:59,2024-07-31 19:15:59,normal
SID10616,2023-06-05 08:41:46,2023-06-05 12:15:56,2023-06-12 17:57:05,2023-06-15 17:57:08,normal
SID10617,2024-06-01 21:13:50,2024-06-02 11:04:04,2024-06-14 14:52:23,2024-06-19 16:36:13,normal
SID10618,2024-08-31 09:42:41,2024-08-31 16:20:53,2024-09-15 09:31:56,2024-09-22 05:12:57,normal
SID10619,2023-07-25 08:57:11,2023-07-26 03:02:42,2023-08-03 05:50:31,2023-08-08 23:44:43,normal
SID10620,2024-03-17 09:35:36,2024-03-17 18:48:53,2024-03-31 11:11:50,2024-04-07 02:32:14,normal
SID10621,2023-12-27 09:08:29,2023-12-27 17:13:35,2024-01-02 09:04:28,2024-01-09 01:25:41,normal
SID10622,2024-04-14 17:33:43,2024-04-15 12:24:36,2024-04-26 02:02:30,2024-05-01 16:37:24,normal
SID10623,2023-10-30 18:40:51,2023-10-31 07:38:52,2023-11-08 03:07:11,2023-11-14 18:27:32,normal
SID10624,2024-01-23 07:19:33,2024-01-23 16:22:34,2024-01-28 23:29:04,2024-02-03 22:36:37,normal
SID10625,2024-03-04 14:00:20,2024-03-05 10:25:32,2024-03-17 09:59:17,2024-03-23 22:33:03,normal
SID10626,2023-04-01 06:29:29,2023-04-01 10:01:21,2023-04-10 07:14:09,2023-04-16 09:26:09,normal
SID10627,2023-11-05 10:47:03,2023-11-06 00:06:47,2023-11-17 02:54:15,2023-11-20 17:24:24,normal
SID10628,2024-08-31 19:46:46,2024-09-01 09:33:25,2024-09-08 15:04:37,2024-09-12 02:30:09,normal
SID10629,2023-06-19 08:36:45,2023-06-19 20:48:44,2023-06-29 02:34:16,2023-07-03 18:28:37,normal
SID10630,2024-03-20 19:31:57,2024-03-21 01:05:04,2024-03-30 04:17:20,2024-04-02 14:52:27,normal
SID10631,2024-04-25 20:48:25,2024-04-26 05:51:46,2024-05-02 18:02:26,2024-05-08 19:42:33,normal
SID10632,2023-03-29 09:59:18,2023-03-29 23:48:03,2023-04-06 21:33:20,2023-04-13 08:50:56,normal
SID10633,2024-05-07 16:11:14,2024-05-08 08:07:36,2024-05-17 14:12:07,2024-05-22 01:37:22,normal
SID10634,2023-01-11 19:10:07,2023-01-11 23:08:29,2023-01-25 13:15:07,2023-01-29 01:31:41,normal
SID10635,2023-12-10 14:02:29,2023-12-11 07:51:13,2023-12-20 21:00:13,2023-12-23 03:28:05,normal
SID10636,2023-09-09 12:32:07,2023-09-09 23:34:31,2023-09-24 20:51:50,2023-09-30 09:41:31,normal
SID10637,2024-05-15 00:40:58,2024-05-15 18:21:00,2024-05-23 03:34:50,2024-05-27 20:08:38,normal
SID10638,2024-08-13 05:09:01,2024-08-14 03:46:21,2024-08-23 17:51:15,2024-08-26 14:28:48,normal
SID10639,2023-10-07 02:11:22,2023-10-07 13:07:50,2023-10-19 10:19:32,2023-10-22 20:41:36,normal
SID10640,2023-11-01 20:10:13,2023-11-01 23:48:44,2023-11-08 16:13:58,2023-11-12 11:13:59,normal
SID10641,2023-12-15 15:53:21,2023-12-16 02:48:52,2023-12-24 00:03:10,2023-12-27 19:00:21,normal
SID10642,2024-08-08 21:11:17,2024-08-09 02:38:38,2024-08-22 04:03:35,2024-08-24 18:45:00,normal
SID10643,2023-10-25 19:53:32,2023-10-26 01:31:12,2023-11-06 01:20:27,2023-11-09 02:45:36,normal
SID10644,2023-12-17 04:12:57,2023-12-17 08:13:49,2023-12-24 21:19:14,2023-12-30 15:12:44,normal
SID10645,2023-12-28 22:43:32,2023-12-29 08:07:28,2024-01-09 23:04:08,2024-01-16 18:58:20,normal
SID10646,2023-05-23 00:24:06,2023-05-23 06:12:22,2023-06-02 23:31:18,2023-06-05 07:51:18,normal
SID10647,2023-10-08 04:13:33,2023-10-08 14:10:23,2023-10-15 04:55:16,2023-10-21 04:47:22,normal
SID10648,2024-04-23 15:23:49,2024-04-24 03:42:53,2024-05-03 07:07:41,2024-05-06 21:28:23,normal
SID10649,2024-02-16 14:46:14,2024-02-17 01:31:45,2024-02-24 19:46:50,2024-02-29 23:07:20,normal
SID10650,2024-06-18 20:19:14,2024-06-19 15:29:07,2024-06-28 20:32:11,2024-07-05 17:37:22,normal
SID10651,2024-05-02 16:34:58,2024-05-03 05:46:11,2024-05-08 05:51:41,2024-05-10 15:05:16,normal
SID10652,2023-10-06 07:19:06,2023-10-07 05:38:23,2023-10-12 22:08:07,2023-10-15 19:53:57,normal
SID10653,2024-02-27 19:22:33,2024-02-28 03:57:59,2024-03-10 00:41:27,2024-03-14 01:50:09,normal
SID10654,2024-03-14 22:34:05,2024-03-15 01:39:13,2024-03-26 01:26:44,2024-03-31 07:04:36,normal
SID10655,2023-07-23 15:01:39,2023-07-24 07:04:05,2023-08-07 23:33:19,2023-08-14 00:13:41,normal
SID10656,2024-04-08 22:12:05,2024-04-09 04:33:34,2024-04-20 11:02:38,2024-04-26 11:39:28,normal
SID10657,2023-09-27 22:45:00,2023-09-28 06:53:43,2023-10-12 03:36:27,2023-10-15 06:39:49,normal
SID10658,2024-06-27 03:33:51,2024-06-27 06:52:46,2024-07-02 23:34:33,2024-07-06 04:40:06,normal
SID10659,2023-12-18 06:26:34,2023-12-18 20:16:20,2023-12-29 16:35:59,2024-01-04 23:05:21,normal
SID10660,2024-08-29 17:28:29,2024-08-30 14:50:06,2024-09-07 21:33:13,2024-09-11 11:59:14,normal
SID10661,2024-01-29 17:40:52,2024-01-30 10:10:35,2024-02-10 02:50:18,2024-02-16 13:22:34,normal
SID10662,2023-04-26 03:53:07,2023-04-27 03:33:03,2023-05-08 20:16:18,2023-05-13 15:55:41,normal
SID10663,2023-07-09 17:24:58,2023-07-10 03:05:44,2023-07-23 03:28:16,2023-07-25 16:06:05,normal
SID10664,2024-06-16 16:56:03,2024-06-17 07:43:26,2024-06-24 03:15:23,2024-06-27 03:08:39,normal
SID10665,2024-08-02 03:58:10,2024-08-02 10:31:58,2024-08-10 12:06:05,2024-08-16 05:16:44,normal
SID10666,2024-08-08 20:28:16,2024-08-09 02:11:47,2024-08-19 17:33:48,2024-08-25 09:19:03,normal
SID10667,2023-04-26 04:07:48,2023-04-26 19:11:37,2023-05-10 14:15:51,2023-05-13 20:05:51,normal
SID10668,2023-08-04 07:40:19,2023-08-04 18:37:20,2023-08-13 20:34:37,2023-08-16 18:23:13,normal
SID10669,2023-03-04 17:55:29,2023-03-04 20:19:57,2023-03-15 07:05:41,2023-03-21 18:18:48,normal
SID10670,2023-07-06 00:16:49,2023-07-06 20:06:43,2023-07-12 07:00:18,2023-07-18 04:40:26,normal
SID10671,2024-03-07 02:01:24,2024-03-07 09:46:15,2024-03-19 15:44:48,2024-03-26 02:48:29,normal
SID10672,2024-03-03 07:48:25,2024-03-04 00:10:02,2024-03-13 14:13:57,2024-03-19 05:40:25,normal
SID10673,2023-05-19 09:47:39,2023-05-19 23:26:07,2023-06-03 04:02:11,2023-06-10 03:46:01,normal
SID10674,2024-07-19 18:07:10,2024-07-20 02:11:43,2024-07-31 21:37:46,2024-08-01 02:53:58,abnormal_shipping
SID10675,2023-02-03 16:05:52,2023-02-03 21:20:04,2023-02-13 23:33:33,2023-02-19 19:50:46,normal
SID10676,2023-01-04 16:26:41,2023-01-04 23:30:47,2023-01-15 16:39:28,2023-01-20 13:20:53,normal
SID10677,2024-07-03 09:03:09,2024-07-03 12:37:22,2024-07-17 10:18:09,2024-07-20 10:05:58,normal
SID10678,2023-04-04 06:37:53,2023-04-05 03:51:20,2023-04-18 08:58:05,2023-04-23 23:28:02,normal
SID10679,2023-03-12 06:47:01,2023-03-13 03:29:31,2023-03-19 07:36:09,2023-03-23 11:42:32,normal
SID10680,2024-06-19 21:56:55,2024-06-20 13:22:39,2024-07-02 02:33:15,2024-07-04 08:28:36,normal
SID10681,2024-03-03 05:07:48,2024-03-03 11:07:20,2024-03-16 02:31:08,2024-03-21 08:55:49,normal
SID10682,2023-06-11 20:58:48,2023-06-12 19:01:16,2023-06-21 04:30:43,2023-06-23 21:21:25,normal
SID10683,2023-08-13 13:17:05,2023-08-14 12:58:14,2023-08-23 12:49:20,2023-08-26 23:33:39,normal
SID10684,2023-09-28 09:58:30,2023-09-29 00:52:53,2023-10-04 17:05:43,2023-10-07 09:35:18,normal
SID10685,2024-05-11 22:18:20,2024-05-12 05:29:41,2024-05-22 06:45:39,2024-05-28 07:12:33,normal
SID10686,2024-09-03 02:02:17,2024-09-03 16:03:10,2024-09-11 15:07:48,2024-09-15 05:59:48,normal
SID10687,2024-01-21 20:32:02,2024-01-22 09:07:02,2024-02-04 04:27:27,2024-02-08 13:09:19,normal
SID10688,2023-11-10 22:52:46,2023-11-11 12:21:27,2023-11-18 08:05:02,2023-11-23 11:33:58,normal
SID10689,2024-01-04 09:34:04,2024-01-04 19:08:35,2024-01-12 06:03:14,2024-01-15 11:44:56,normal
SID10690,2023-04-15 16:16:52,2023-04-16 03:48:26,2023-04-25 19:31:32,2023-05-02 18:02:32,normal
SID10691,2023-07-27 23:16:32,2023-07-28 15:06:36,2023-08-04 10:48:12,2023-08-11 09:08:01,normal
SID10692,2023-12-09 03:29:10,2023-12-09 10:34:35,2023-12-23 06:18:32,2023-12-28 22:43:29,normal
SID10693,2024-06-06 14:03:33,2024-06-07 02:56:08,2024-06-17 12:53:49,2024-06-20 01:05:05,normal
SID10694,2024-08-12 11:06:27,2024-08-13 06:48:22,2024-08-22 00:04:36,2024-08-28 22:14:14,normal
SID10695,2024-03-25 17:07:17,2024-03-25 22:31:15,2024-04-06 09:10:56,2024-04-12 21:36:06,normal
SID10696,2023-03-29 15:53:48,2023-03-29 23:46:45,2023-04-05 01:58:04,2023-04-08 11:28:04,normal
SID10697,2023-10-02 04:31:41,2023-10-02 17:07:38,2023-10-07 21:30:46,2023-10-10 12:14:56,normal
SID10698,2024-04-22 23:10:23,2024-04-23 20:30:37,2024-05-03 17:39:43,2024-05-07 01:59:56,normal
SID10699,2023-07-11 04:39:45,2023-07-12 03:04:49,2023-07-23 07:51:17,2023-07-25 19:43:01,normal
SID10700,2024-01-18 03:27:23,2024-01-18 14:54:12,2024-01-25 21:43:15,2024-01-28 12:45:55,normal
SID10701,2023-08-05 17:33:18,2023-08-06 15:32:28,2023-08-15 20:55:33,2023-08-18 19:00:44,normal
SID10702,2024-01-27 20:55:57,2024-01-28 06:24:15,2024-02-06 14:10:15,2024-02-08 20:28:41,normal
SID10703,2023-04-23 15:56:55,2023-04-24 07:55:46,2023-05-05 03:58:21,2023-05-09 11:14:24,normal
SID10704,2023-10-31 12:03:02,2023-10-31 19:42:48,2023-11-14 22:50:02,2023-11-20 16:52:31,normal
SID10705,2023-08-29 14:34:54,2023-08-30 02:30:29,2023-09-04 12:15:49,2023-09-07 08:36:03,normal
SID10706,2023-04-22 23:11:01,2023-04-23 04:38:24,2023-04-29 06:59:43,2023-05-03 08:03:36,normal
SID10707,2023-03-04 05:37:38,2023-03-04 12:05:30,2023-03-16 05:19:02,2023-03-19 23:48:48,normal
SID10708,2023-02-23 04:26:23,2023-02-23 14:48:49,2023-03-08 07:07:07,2023-03-14 06:35:44,normal
SID10709,2024-03-15 01:16:55,2024-03-15 19:09:16,2024-03-26 01:18:49,2024-03-31 14:13:44,normal
SID10710,2024-08-18 02:56:22,2024-08-18 15:09:54,2024-08-27 23:51:21,2024-08-31 08:27:02,normal
SID10711,2024-05-30 16:34:23,2024-05-31 02:58:13,2024-06-09 10:35:04,2024-06-12 20:48:21,normal
SID10712,2024-07-09 13:39:01,2024-07-10 05:02:34,2024-07-23 07:24:23,2024-07-29 20:43:49,normal
SID10713,2024-09-02 20:19:14,2024-09-03 01:39:28,2024-09-12 23:31:34,2024-09-18 09:08:07,normal
SID10714,2023-09-19 14:21:37,2023-09-20 09:55:16,2023-09-28 07:53:27,2023-10-01 04:35:44,normal
SID10715,2023-05-24 01:53:47,2023-05-24 13:36:45,2023-06-04 18:12:01,2023-06-11 06:52:46,normal
SID10716,2023-02-07 21:00:43,2023-02-08 12:31:57,2023-02-19 12:55:42,2023-02-22 12:27:03,normal
SID10717,2024-03-23 04:26:46,2024-03-24 02:05:36,2024-04-05 15:36:11,2024-04-09 01:02:07,normal
SID10718,2023-08-14 07:44:29,2023-08-15 05:02:39,2023-08-27 13:51:39,2023-09-01 05:01:41,normal
SID10719,2024-06-03 20:33:17,2024-06-04 03:45:35,2024-06-14 00:07:18,2024-06-14 07:06:32,abnormal_shipping
SID10720,2023-11-05 13:02:22,2023-11-06 09:36:59,2023-11-20 18:20:27,2023-11-23 09:31:39,normal
SID10721,2023-08-09 00:11:12,2023-08-09 18:35:13,2023-08-17 21:52:41,2023-08-21 16:16:40,normal
SID10722,2024-09-06 18:14:02,2024-09-07 06:29:38,2024-09-14 13:18:48,2024-09-19 22:22:06,normal
SID10723,2023-11-03 18:07:28,2023-11-04 08:26:08,2023-11-10 22:15:37,2023-11-13 09:03:52,normal
SID10724,2024-08-14 18:31:30,2024-08-15 18:22:54,2024-08-26 22:53:05,2024-09-02 08:28:24,normal
SID10725,2024-07-26 15:56:49,2024-07-26 19:44:58,2024-08-05 12:09:17,2024-08-10 17:54:00,normal
SID10726,2024-06-10 01:09:59,2024-06-10 17:35:23,2024-06-19 14:59:48,2024-06-21 20:00:18,normal
SID10727,2024-08-11 20:47:25,2024-08-12 03:20:59,2024-08-26 14:45:30,2024-08-31 10:17:07,normal
SID10728,2023-03-30 06:36:07,2023-03-30 23:33:29,2023-04-12 16:33:31,2023-04-19 13:19:24,normal
SID10729,2023-08-26 06:08:07,2023-08-26 08:41:27,2023-09-05 03:30:26,2023-09-09 20:05:05,normal
SID10730,2024-06-01 00:00:26,2024-06-01 12:56:34,2024-06-12 14:54:07,2024-06-16 08:59:51,normal
SID10731,2024-03-26 11:05:32,2024-03-27 05:08:15,2024-04-05 09:06:19,2024-04-09 05:30:57,normal
SID10732,2024-02-23 18:24:00,2024-02-24 13:14:58,2024-03-03 15:31:28,2024-03-06 06:06:37,normal
SID10733,2024-06-09 14:26:15,2024-06-10 07:46:58,2024-06-23 12:47:57,2024-06-27 08:13:37,normal
SID10734,2023-01-12 14:26:21,2023-01-13 06:54:29,2023-01-25 14:29:39,2023-01-30 04:20:21,normal
SID10735,2023-02-02 18:40:51,2023-02-02 22:33:23,2023-02-12 01:01:27,2023-02-16 00:44:59,normal
SID10736,2023-10-04 21:48:57,2023-10-05 15:31:04,2023-10-20 04:21:59,2023-10-25 11:15:25,normal
SID10737,2024-05-05 23:09:51,2024-05-06 15:48:08,2024-05-11 17:31:21,2024-05-17 17:08:43,normal
SID10738,2023-02-06 00:11:42,2023-02-06 14:29:41,2023-02-14 05:45:28,2023-02-17 21:16:55,normal
SID10739,2024-02-23 08:44:07,2024-02-24 00:09:04,2024-03-02 21:28:06,2024-03-09 19:24:49,normal
SID10740,2023-10-17 15:06:54,2023-10-18 09:20:51,2023-11-01 16:25:21,2023-11-05 20:12:43,normal
SID10741,2023-10-29 00:02:02,2023-10-29 22:30:16,2023-11-06 17:45:53,2023-11-13 13:27:39,normal
SID10742,2024-08-31 22:12:10,2024-09-01 18:12:24,2024-09-09 23:06:31,2024-09-16 20:17:01,normal
SID10743,2023-10-20 12:29:56,2023-10-20 20:36:22,2023-11-01 02:16:16,2023-11-06 08:13:05,normal
SID10744,2023-08-07 13:44:40,2023-08-07 20:13:35,2023-08-16 19:49:24,2023-08-23 07:13:27,normal
SID10745,2023-08-12 01:09:43,2023-08-12 23:07:02,2023-08-25 03:44:31,2023-08-30 05:29:21,normal
SID10746,2024-03-23 02:35:01,2024-03-23 13:31:53,2024-04-07 12:06:21,2024-04-11 15:12:03,normal
SID10747,2023-04-11 15:52:56,2023-04-12 13:41:23,2023-04-19 00:53:07,2023-04-25 14:18:01,normal
SID10748,2024-05-26 10:18:09,2024-05-26 15:58:25,2024-05-31 19:16:41,2024-06-05 05:04:31,normal
SID10749,2024-05-25 16:09:49,2024-05-26 00:13:22,2024-05-31 20:59:34,2024-06-04 02:08:53,normal
SID10750,2023-11-06 08:01:51,2023-11-06 18:14:33,2023-11-18 14:31:52,2023-11-21 22:45:40,normal
SID10751,2024-01-16 22:07:12,2024-01-17 05:52:21,2024-01-25 14:23:57,2024-01-31 08:47:42,normal
SID10752,2024-06-11 01:47:31,2024-06-11 12:43:08,2024-06-19 15:00:08,2024-06-24 05:16:36,normal
SID10753,2023-08-18 01:11:14,2023-08-18 17:34:35,2023-09-02 00:53:56,2023-09-08 19:04:24,normal
SID10754,2024-09-22 02:20:39,2024-09-22 22:37:01,2024-10-01 22:09:39,2024-10-07 11:46:38,normal
SID10755,2023-07-30 18:02:25,2023-07-31 17:50:50,2023-08-10 15:17:52,2023-08-16 19:47:35,normal
SID10756,2023-01-01 18:09:34,2023-01-02 03:07:18,2023-01-14 00:44:41,2023-01-16 07:17:15,normal
SID10757,2023-01-13 08:32:37,2023-01-13 16:38:15,2023-01-19 10:47:35,2023-01-24 12:46:21,normal
SID10758,2024-05-14 03:17:49,2024-05-14 09:51:43,2024-05-26 14:01:30,2024-05-29 06:27:12,normal
SID10759,2024-04-05 07:33:37,2024-04-05 21:09:02,2024-04-19 00:34:20,2024-04-21 08:45:18,normal
SID10760,2024-06-23 06:24:45,2024-06-24 02:01:12,2024-07-05 00:47:28,2024-07-10 22:14:13,normal
SID10761,2023-10-12 14:55:37,2023-10-12 20:41:33,2023-10-20 10:54:14,2023-10-22 10:56:50,normal
SID10762,2024-03-24 05:38:05,2024-03-24 12:38:28,2024-04-02 09:58:38,2024-04-07 22:27:21,normal
SID10763,2023-02-01 19:31:31,2023-02-02 08:01:13,2023-02-14 08:47:59,2023-02-18 10:15:40,normal
SID10764,2023-12-03 14:10:21,2023-12-04 05:16:06,2023-12-10 20:59:34,2023-12-14 17:02:34,normal
SID10765,2024-03-03 08:54:02,2024-03-04 00:56:00,2024-03-16 15:58:18,2024-03-23 10:48:16,normal
SID10766,2024-05-06 02:53:33,2024-05-06 17:17:30,2024-05-20 03:53:15,2024-05-25 04:09:00,normal
SID10767,2023-04-25 02:01:58,2023-04-25 15:16:20,2023-05-08 07:25:39,2023-05-14 14:23:55,normal
SID10768,2023-01-27 00:42:14,2023-01-27 21:03:22,2023-02-10 17:13:22,2023-02-13 00:07:15,normal
SID10769,2024-09-25 01:39:49,2024-09-25 22:27:13,2024-10-05 13:11:50,2024-10-10 01:25:48,normal
SID10770,2023-03-14 19:15:21,2023-03-15 02:47:30,2023-03-23 11:56:28,2023-03-29 02:32:21,normal
SID10771,2023-06-20 00:40:15,2023-06-20 06:43:20,2023-06-28 01:32:49,2023-07-04 10:31:05,normal
SID10772,2023-06-10 21:37:39,2023-06-11 18:35:16,2023-06-25 06:51:00,2023-07-01 00:22:31,normal
SID10773,2023-10-20 23:03:55,2023-10-21 19:00:25,2023-10-28 12:15:58,2023-11-04 05:43:39,normal
SID10774,2023-03-22 22:01:56,2023-03-23 13:42:08,2023-04-05 01:17:24,2023-04-09 02:24:00,normal
SID10775,2024-02-22 15:50:00,2024-02-23 09:24:35,2024-02-28 22:30:54,2024-03-04 03:04:53,normal
SID10776,2023-09-26 20:36:58,2023-09-27 04:50:21,2023-10-11 22:21:27,2023-10-14 15:11:56,normal
SID10777,2023-07-19 16:33:13,2023-07-20 04:28:27,2023-07-27 23:25:19,2023-08-03 12:45:00,normal
SID10778,2023-08-02 07:25:51,2023-08-02 17:58:07,2023-08-13 14:50:23,2023-08-19 20:31:15,normal
SID10779,2023-05-04 21:52:24,2023-05-05 08:45:41,2023-05-16 00:22:28,2023-05-21 01:16:15,normal
SID10780,2023-08-23 10:04:48,2023-08-24 02:57:29,2023-08-31 15:14:54,2023-09-03 13:58:42,normal
SID10781,2024-03-02 08:17:34,2024-03-03 05:35:15,2024-03-14 02:26:52,2024-03-19 19:06:53,normal
SID10782,2023-02-24 21:30:25,2023-02-25 07:44:55,2023-03-06 13:01:05,2023-03-09 02:38:52,normal
SID10783,2024-01-29 01:28:44,2024-01-29 20:47:51,2024-02-04 02:11:42,2024-02-07 06:55:19,normal
SID10784,2023-03-28 14:00:39,2023-03-29 12:06:40,2023-04-05 01:58:29,2023-04-08 09:48:54,normal
SID10785,2023-07-25 17:52:43,2023-07-26 14:41:59,2023-08-06 22:25:38,2023-08-11 08:35:53,normal
SID10786,2023-02-12 08:01:59,2023-02-13 00:47:25,2023-02-21 15:05:19,2023-02-27 20:46:26,normal
SID10787,2023-08-29 16:42:51,2023-08-30 06:18:59,2023-09-05 23:17:02,2023-09-10 00:46:48,normal
SID10788,2024-02-02 05:51:32,2024-02-02 23:13:12,2024-02-15 00:34:38,2024-02-20 10:14:00,normal
SID10789,2024-03-16 14:45:17,2024-03-17 10:58:31,2024-03-25 17:02:39,2024-03-31 01:02:00,normal
SID10790,2023-04-29 18:28:23,2023-04-29 20:59:45,2023-05-05 22:56:14,2023-05-08 02:00:20,normal
SID10791,2023-10-12 00:52:25,2023-10-12 11:30:14,2023-10-19 16:05:20,2023-10-24 09:25:15,normal
SID10792,2024-05-01 12:56:58,2024-05-02 07:48:08,2024-05-08 18:59:02,2024-05-14 18:13:36,normal
SID10793,2024-09-29 06:15:11,2024-09-29 19:23:39,2024-10-12 17:04:47,2024-10-17 21:42:24,normal
SID10794,2024-09-16 09:53:11,2024-09-17 07:37:30,2024-09-28 21:11:36,2024-10-01 22:22:28,normal
SID10795,2024-04-11 20:38:40,2024-04-12 16:27:24,2024-04-22 02:29:33,2024-04-26 01:27:24,normal
SID10796,2024-03-30 10:59:47,2024-03-31 05:59:42,2024-04-11 00:28:27,2024-04-16 16:37:36,normal
SID10797,2023-05-02 21:09:00,2023-05-03 14:26:26,2023-05-11 21:15:20,2023-05-17 16:44:06,normal
SID10798,2023-03-08 17:16:15,2023-03-08 21:24:28,2023-03-16 05:27:34,2023-03-19 12:11:06,normal
SID10799,2024-05-15 08:54:16,2024-05-16 04:49:06,2024-05-23 03:31:35,2024-05-29 07:02:17,normal
SID10800,2023-09-26 16:39:08,2023-09-27 11:56:50,2023-10-02 12:12:43,2023-10-08 07:33:58,normal
SID10801,2023-12-31 22:15:40,2024-01-01 12:04:00,2024-01-11 20:37:44,2024-01-16 02:46:16,normal
SID10802,2024-09-28 21:55:10,2024-09-29 19:30:27,2024-10-12 10:35:05,2024-10-16 20:14:28,normal
SID10803,2024-07-07 00:38:45,2024-07-07 20:54:48,2024-07-15 14:05:32,2024-07-18 13:10:31,normal
SID10804,2023-07-28 05:07:32,2023-07-28 15:13:02,2023-08-04 01:28:36,2023-08-07 14:45:56,normal
SID10805,2023-08-12 20:12:02,2023-08-13 08:28:59,2023-08-21 06:07:21,2023-08-27 06:44:22,normal
SID10806,2023-05-05 04:06:09,2023-05-05 18:22:21,2023-05-20 00:31:30,2023-05-20 05:50:14,abnormal_shipping
SID10807,2024-08-25 07:27:30,2024-08-25 15:03:50,2024-09-06 14:17:22,2024-09-10 16:51:38,normal
SID10808,2023-02-12 02:26:20,2023-02-12 17:43:12,2023-02-20 03:57:38,2023-02-26 02:54:32,normal
SID10809,2023-10-24 21:46:00,2023-10-25 03:18:11,2023-11-08 05:56:11,2023-11-12 08:52:49,normal
SID10810,2024-06-13 17:03:25,2024-06-14 09:31:11,2024-06-19 19:34:44,2024-06-23 03:25:25,normal
SID10811,2023-08-12 14:39:19,2023-08-12 21:49:26,2023-08-22 14:29:59,2023-08-25 09:42:51,normal
SID10812,2024-08-20 16:21:06,2024-08-21 08:52:05,2024-08-26 20:32:31,2024-08-31 12:43:31,normal
SID10813,2024-05-27 12:50:45,2024-05-28 02:07:09,2024-06-10 00:31:11,2024-06-15 11:45:18,normal
SID10814,2023-02-19 04:37:46,2023-02-19 10:02:43,2023-03-02 03:46:08,2023-03-05 08:22:30,normal
SID10815,2024-07-27 20:49:38,2024-07-28 02:37:05,2024-08-07 19:10:03,2024-08-13 21:32:15,normal
SID10816,2023-07-20 04:00:54,2023-07-20 11:19:40,2023-07-28 08:21:05,2023-07-31 09:22:15,normal
SID10817,2023-09-12 07:50:46,2023-09-12 17:05:55,2023-09-21 20:53:12,2023-09-27 15:12:15,normal
SID10818,2024-06-13 21:13:59,2024-06-14 06:24:06,2024-06-19 13:33:01,2024-06-23 21:50:24,normal
SID10819,2024-06-23 07:15:01,2024-06-23 16:23:48,2024-06-30 07:22:24,2024-07-02 22:00:11,normal
SID10820,2024-05-03 00:40:08,2024-05-03 09:16:08,2024-05-14 16:49:24,2024-05-14 23:20:28,abnormal_shipping
SID10821,2023-01-31 13:21:59,2023-02-01 01:16:44,2023-04-06 13:17:09,2023-04-10 06:32:43,abnormal_warehouse
SID10822,2024-01-22 03:09:06,2024-01-22 06:25:39,2024-02-02 03:17:32,2024-02-06 14:10:06,normal
SID10823,2024-02-18 11:36:31,2024-02-18 16:55:05,2024-02-25 18:48:31,2024-03-02 03:45:56,normal
SID10824,2023-09-11 08:08:04,2023-09-11 13:29:36,2023-09-19 05:45:42,2023-09-23 00:53:57,normal
SID10825,2024-02-08 13:33:19,2024-02-09 06:45:46,2024-02-19 14:58:32,2024-02-21 18:33:27,normal
SID10826,2024-01-14 16:28:49,2024-01-15 00:25:41,2024-01-22 07:56:02,2024-01-26 01:09:09,normal
SID10827,2023-06-02 20:20:45,2023-06-03 15:50:01,2023-06-12 08:34:33,2023-06-17 01:37:59,normal
SID10828,2024-08-06 13:29:40,2024-08-07 01:22:32,2024-08-19 22:09:32,2024-08-22 05:11:49,normal
SID10829,2024-09-12 13:47:45,2024-09-12 20:27:21,2024-09-22 23:49:10,2024-09-28 01:08:48,normal
SID10830,2023-03-18 08:40:36,2023-03-18 16:42:18,2023-03-26 16:56:13,2023-03-31 00:16:04,normal
SID10831,2023-04-11 19:18:51,2023-04-12 11:18:17,2023-04-23 03:47:01,2023-04-26 00:10:44,normal
SID10832,2024-04-14 05:11:32,2024-04-14 16:57:37,2024-04-26 03:07:59,2024-04-29 19:51:39,normal
SID10833,2024-03-19 11:12:31,2024-03-19 14:43:52,2024-03-27 02:13:47,2024-04-02 20:48:08,normal
SID10834,2023-04-13 13:34:29,2023-04-14 08:10:44,2023-04-23 06:35:50,2023-04-26 14:45:42,normal
SID10835,2024-04-24 08:04:56,2024-04-24 12:27:29,2024-05-08 13:25:10,2024-05-12 22:47:47,normal
SID10836,2023-04-25 14:12:59,2023-04-25 22:50:18,2023-05-05 04:44:07,2023-05-08 05:19:14,normal
SID10837,2023-09-15 15:50:25,2023-09-16 02:35:09,2023-09-29 16:13:47,2023-10-03 01:43:41,normal
SID10838,2024-01-19 09:07:42,2024-01-19 14:34:13,2024-02-01 21:41:49,2024-02-08 00:18:37,normal
SID10839,2023-12-19 19:58:37,2023-12-20 18:00:05,2024-01-01 02:24:36,2024-01-06 05:07:12,normal
SID10840,2023-05-14 05:12:09,2023-05-14 20:31:49,2023-05-20 07:03:26,2023-05-25 12:24:44,normal
SID10841,2023-11-11 11:42:22,2023-11-12 01:46:57,2023-11-26 12:37:32,2023-11-29 01:13:15,normal
SID10842,2024-05-21 04:11:01,2024-05-21 18:08:03,2024-06-03 00:51:35,2024-06-05 06:50:06,normal
SID10843,2023-12-25 23:29:22,2023-12-26 05:18:31,2024-01-02 01:35:17,2024-01-04 14:54:27,normal
SID10844,2023-02-22 16:48:06,2023-02-23 00:23:50,2023-03-01 19:39:15,2023-03-04 12:50:07,normal
SID10845,2023-12-25 21:27:48,2023-12-26 00:32:56,2024-01-07 23:02:34,2024-01-11 18:31:26,normal
SID10846,2024-07-11 17:16:32,2024-07-12 09:03:14,2024-07-27 03:55:50,2024-08-01 16:47:05,normal
SID10847,2023-01-12 06:15:50,2023-01-13 02:15:31,2023-01-20 17:24:03,2023-01-24 20:44:27,normal
SID10848,2023-06-23 15:29:06,2023-06-24 14:38:07,2023-07-03 12:42:37,2023-07-08 22:07:33,normal
SID10849,2023-05-21 20:58:23,2023-05-22 12:33:36,2023-06-03 21:55:28,2023-06-07 16:56:32,normal
SID10850,2024-02-04 13:45:28,2024-02-05 13:03:42,2024-02-17 07:08:05,2024-02-21 15:24:20,normal
SID10851,2023-01-05 06:06:22,2023-01-05 09:16:00,2023-01-10 13:52:14,2023-01-16 08:07:22,normal
SID10852,2024-06-04 02:37:58,2024-06-04 13:20:40,2024-06-15 09:31:34,2024-06-19 14:07:09,normal
SID10853,2024-09-13 07:27:28,2024-09-14 06:47:43,2024-09-24 18:40:39,2024-10-01 02:41:26,normal
SID10854,2024-07-08 11:04:42,2024-07-09 01:36:15,2024-07-16 05:59:58,2024-07-20 18:36:50,normal
SID10855,2024-03-10 03:46:47,2024-03-10 13:10:46,2024-03-23 11:14:10,2024-03-26 11:51:59,normal
SID10856,2023-06-20 14:31:24,2023-06-21 11:45:25,2023-06-28 09:44:05,2023-07-02 10:12:59,normal
SID10857,2024-04-05 01:34:50,2024-04-05 06:41:18,2024-04-13 22:29:44,2024-04-17 03:11:59,normal
SID10858,2023-04-15 16:16:28,2023-04-15 21:16:53,2023-04-29 12:53:35,2023-05-05 04:36:42,normal
SID10859,2024-03-06 10:13:55,2024-03-06 17:07:01,2024-03-14 09:02:39,2024-03-16 12:18:00,normal
SID10860,2024-02-21 02:02:32,2024-02-21 05:48:25,2024-02-26 22:35:23,2024-03-02 05:26:31,normal
SID10861,2023-02-23 07:18:24,2023-02-23 21:01:04,2023-03-07 15:44:36,2023-03-11 18:55:49,normal
SID10862,2024-06-14 20:16:13,2024-06-15 01:23:12,2024-06-30 00:03:25,2024-07-03 03:59:13,normal
SID10863,2024-08-26 07:46:01,2024-08-27 02:47:04,2024-09-08 05:51:28,2024-09-12 23:28:15,normal
SID10864,2024-03-30 16:11:38,2024-03-30 22:29:02,2024-04-09 21:38:49,2024-04-14 23:58:37,normal
SID10865,2024-04-02 19:12:39,2024-04-03 17:17:41,2024-04-13 17:36:09,2024-04-18 20:53:06,normal
SID10866,2023-12-04 12:55:36,2023-12-04 20:07:46,2023-12-18 22:23:47,2023-12-24 12:34:30,normal
SID10867,2024-04-02 01:08:56,2024-04-02 04:01:46,2024-04-07 21:01:32,2024-04-14 05:01:39,normal
SID10868,2024-07-11 06:11:38,2024-07-11 17:09:42,2024-07-23 23:50:01,2024-07-27 20:36:09,normal
SID10869,2023-05-10 18:00:30,2023-05-11 06:39:54,2023-05-19 07:44:30,2023-05-24 20:11:39,normal
SID10870,2024-03-08 15:14:55,2024-03-09 07:24:31,2024-03-23 13:54:55,2024-03-28 09:02:17,normal
SID10871,2024-06-27 07:45:29,2024-06-27 14:52:30,2024-09-28 15:29:18,2024-10-01 05:09:27,abnormal_warehouse
SID10872,2023-09-24 03:41:11,2023-09-24 22:39:14,2023-10-07 17:49:38,2023-10-11 00:05:53,normal
SID10873,2024-02-03 12:14:07,2024-02-03 16:35:45,2024-02-09 22:18:06,2024-02-16 05:49:40,normal
SID10874,2023-05-22 17:23:37,2023-05-23 13:03:40,2023-06-01 10:55:41,2023-06-04 19:21:15,normal
SID10875,2024-08-07 09:34:18,2024-08-07 14:52:29,2024-08-14 16:32:39,2024-08-17 00:33:18,normal
SID10876,2023-02-20 18:19:57,2023-02-20 22:03:09,2023-03-02 17:34:17,2023-03-09 12:02:03,normal
SID10877,2023-01-07 13:41:11,2023-01-08 01:44:11,2023-01-19 12:14:53,2023-01-24 03:30:49,normal
SID10878,2023-12-27 15:01:48,2023-12-27 23:17:24,2024-01-05 10:12:21,2024-01-10 14:58:36,normal
SID10879,2024-06-27 16:51:05,2024-06-28 15:51:07,2024-07-08 00:27:20,2024-07-11 19:12:04,normal
SID10880,2023-09-12 17:02:00,2023-09-13 16:10:06,2023-09-27 20:26:17,2023-09-30 12:45:30,normal
SID10881,2024-06-26 16:25:29,2024-06-26 18:50:48,2024-07-10 17:31:21,2024-07-14 04:07:21,normal
SID10882,2023-02-10 02:37:23,2023-02-11 00:58:36,2023-02-17 19:55:31,2023-02-21 13:25:52,normal
SID10883,2023-11-15 04:48:34,2023-11-15 10:13:39,2023-11-28 02:19:51,2023-11-30 20:54:52,normal
SID10884,2024-03-05 14:03:35,2024-03-06 10:38:09,2024-03-13 17:25:08,2024-03-17 00:30:02,normal
SID10885,2024-04-27 03:38:21,2024-04-27 23:47:21,2024-05-08 05:15:59,2024-05-11 10:33:43,normal
SID10886,2023-11-22 17:44:38,2023-11-23 01:41:28,2023-12-02 21:10:50,2023-12-05 09:10:14,normal
SID10887,2023-12-21 18:00:42,2023-12-22 09:53:50,2024-01-02 16:36:56,2024-01-09 05:19:20,normal
SID10888,2024-07-13 15:26:01,2024-07-14 06:06:11,2024-07-23 20:49:36,2024-07-26 08:00:24,normal
SID10889,2023-08-26 08:19:19,2023-08-26 15:44:27,2023-09-10 01:17:20,2023-09-12 21:38:25,normal
SID10890,2023-02-03 17:39:40,2023-02-04 08:21:04,2023-02-14 18:00:50,2023-02-19 21:50:50,normal
SID10891,2024-08-31 20:12:16,2024-09-01 17:59:22,2024-09-11 07:40:17,2024-09-17 15:27:56,normal
SID10892,2023-05-11 11:08:36,2023-05-11 14:48:00,2023-05-24 15:41:43,2023-05-30 15:21:40,normal
SID10893,2023-12-29 13:44:42,2023-12-30 07:57:52,2024-01-05 00:31:38,2024-01-07 02:45:33,normal
SID10894,2023-04-10 06:18:07,2023-04-10 20:42:30,2023-04-25 18:46:05,2023-05-01 13:55:37,normal
SID10895,2023-11-05 11:53:53,2023-11-06 06:55:28,2023-11-11 22:14:24,2023-11-14 06:40:02,normal
SID10896,2024-05-23 04:12:03,2024-05-23 09:20:19,2024-06-04 12:10:36,2024-06-06 18:23:15,normal
SID10897,2023-12-27 10:24:13,2023-12-28 08:32:41,2024-01-10 02:14:36,2024-01-12 09:15:01,normal
SID10898,2023-02-19 03:28:11,2023-02-19 20:21:19,2023-03-04 11:36:14,2023-03-10 06:23:06,normal
SID10899,2023-09-01 07:51:18,2023-09-01 15:37:24,2023-09-07 09:10:57,2023-09-11 14:31:56,normal
SID10900,2024-07-24 20:46:16,2024-07-25 01:41:05,2024-08-08 20:36:06,2024-08-13 20:23:52,normal
SID10901,2023-02-01 14:12:31,2023-02-02 13:41:54,2023-02-08 21:46:58,2023-02-11 20:44:55,normal
SID10902,2024-06-11 20:14:37,2024-06-12 10:14:23,2024-06-19 09:50:38,2024-06-25 22:19:41,normal
SID10903,2023-07-26 03:56:10,2023-07-26 23:25:57,2023-08-10 09:46:53,2023-08-15 16:18:36,normal
SID10904,2023-06-22 23:14:15,2023-06-23 12:23:27,2023-07-07 13:37:08,2023-07-10 03:27:30,normal
SID10905,2024-01-29 06:32:43,2024-01-29 21:35:26,2024-02-12 06:41:52,2024-02-17 03:00:24,normal
SID10906,2024-01-16 02:28:32,2024-01-16 11:31:39,2024-01-29 15:57:33,2024-02-02 13:44:06,normal
SID10907,2024-02-21 05:09:28,2024-02-21 23:09:21,2024-03-02 10:20:42,2024-03-08 02:44:23,normal
SID10908,2024-03-04 11:38:57,2024-03-05 11:04:04,2024-03-10 22:13:48,2024-03-14 17:14:38,normal
SID10909,2024-03-05 18:01:34,2024-03-05 21:32:57,2024-03-19 21:05:25,2024-03-24 05:58:44,normal
SID10910,2024-03-03 23:49:44,2024-03-04 09:24:48,2024-03-17 23:16:17,2024-03-21 22:23:30,normal
SID10911,2023-05-07 15:46:13,2023-05-07 18:41:51,2023-05-14 08:40:33,2023-05-17 04:47:17,normal
SID10912,2024-02-25 05:22:24,2024-02-25 10:16:03,2024-03-08 08:06:50,2024-03-14 05:46:39,normal
SID10913,2023-11-28 23:44:13,2023-11-29 14:11:25,2023-12-09 10:49:47,2023-12-12 20:31:07,normal
SID10914,2024-07-20 06:11:07,2024-07-20 22:43:49,2024-07-27 11:14:02,2024-07-30 15:48:31,normal
SID10915,2023-12-31 05:05:50,2023-12-31 08:54:56,2024-01-13 13:50:36,2024-01-16 07:52:56,normal
SID10916,2023-03-15 03:12:13,2023-03-15 17:41:44,2023-03-25 02:47:23,2023-03-30 21:55:39,normal
SID10917,2023-01-13 08:56:20,2023-01-13 13:37:48,2023-01-24 23:10:50,2023-01-29 19:33:29,normal
SID10918,2024-06-19 13:46:17,2024-06-20 09:16:11,2024-06-26 08:37:08,2024-06-28 22:29:47,normal
SID10919,2024-01-04 17:34:17,2024-01-05 06:01:56,2024-01-11 19:36:24,2024-01-15 15:57:44,normal
SID10920,2023-08-09 14:44:15,2023-08-10 09:02:11,2023-08-19 05:18:11,2023-08-21 22:33:14,normal
SID10921,2023-07-30 11:08:22,2023-07-30 23:58:28,2023-08-09 05:33:22,2023-08-14 22:17:47,normal
SID10922,2023-03-10 04:25:47,2023-03-10 17:27:37,2023-03-25 00:52:10,2023-03-27 18:42:57,normal
SID10923,2023-06-22 20:43:05,2023-06-23 14:34:02,2023-07-05 23:01:16,2023-07-12 14:12:15,normal
SID10924,2023-05-01 23:10:59,2023-05-02 16:34:03,2023-05-14 17:55:19,2023-05-19 21:00:13,normal
SID10925,2023-05-30 18:38:23,2023-05-31 08:02:34,2023-06-05 13:07:05,2023-06-10 12:04:28,normal
SID10926,2024-05-07 14:58:29,2024-05-08 14:00:33,2024-05-18 15:01:03,2024-05-23 18:23:05,normal
SID10927,2024-06-03 17:49:02,2024-06-04 16:01:44,2024-06-10 09:02:31,2024-06-15 22:58:46,normal
SID10928,2023-08-05 20:23:13,2023-08-06 06:59:48,2023-08-14 16:40:12,2023-08-21 15:01:43,normal
SID10929,2024-08-18 19:56:00,2024-08-19 19:05:40,2024-08-29 13:17:27,2024-09-04 02:41:03,normal
SID10930,2023-03-16 23:19:19,2023-03-17 15:09:18,2023-03-27 22:54:51,2023-04-02 06:15:48,normal
SID10931,2024-03-25 10:06:26,2024-03-25 20:45:58,2024-04-09 10:16:25,2024-04-12 02:27:36,normal
SID10932,2024-03-24 04:20:56,2024-03-24 08:14:32,2024-03-30 21:24:57,2024-04-02 04:23:50,normal
SID10933,2023-07-26 19:08:42,2023-07-27 18:31:07,2023-08-04 23:06:12,2023-08-09 08:12:30,normal
SID10934,2023-12-14 05:40:49,2023-12-15 04:13:13,2023-12-26 20:30:22,2023-12-31 01:54:30,normal
SID10935,2023-05-02 12:53:32,2023-05-02 20:10:45,2023-05-11 11:54:56,2023-05-16 04:06:37,normal
SID10936,2024-03-31 04:27:12,2024-03-31 06:54:05,2024-04-13 14:51:22,2024-04-17 17:33:59,normal
SID10937,2023-11-07 21:42:05,2023-11-08 07:06:55,2023-11-17 08:03:40,2023-11-23 23:19:49,normal
SID10938,2023-08-04 23:27:02,2023-08-05 22:34:50,2023-08-12 18:46:24,2023-08-18 12:51:38,normal
SID10939,2023-08-14 15:52:51,2023-08-14 18:20:30,2023-08-28 18:12:21,2023-09-01 22:00:13,normal
SID10940,2023-02-03 05:56:45,2023-02-03 13:43:47,2023-02-10 20:58:54,2023-02-16 21:59:52,normal
SID10941,2023-05-19 06:55:56,2023-05-19 18:55:19,2023-05-28 00:20:15,2023-05-31 14:24:13,normal
SID10942,2024-03-18 20:13:24,2024-03-19 07:55:36,2024-03-29 01:20:22,2024-04-04 05:01:53,normal
SID10943,2023-08-06 07:37:57,2023-08-06 20:04:05,2023-08-14 00:18:06,2023-08-16 08:50:16,normal
SID10944,2023-04-06 13:56:12,2023-04-07 05:33:10,2023-04-18 10:07:51,2023-04-23 15:17:32,normal
SID10945,2024-03-16 09:43:42,2024-03-16 21:43:04,2024-03-24 17:58:10,2024-03-27 10:49:25,normal
SID10946,2023-01-17 04:59:21,2023-01-17 17:47:27,2023-01-24 15:12:57,2023-01-29 03:08:04,normal
SID10947,2024-05-17 00:25:18,2024-05-17 03:57:53,2024-05-25 06:03:23,2024-05-29 13:21:49,normal
SID10948,2023-11-28 05:11:30,2023-11-28 15:49:43,2023-12-09 20:18:22,2023-12-15 21:38:10,normal
SID10949,2023-03-29 14:24:31,2023-03-29 21:37:56,2023-04-08 02:17:20,2023-04-11 08:38:13,normal
SID10950,2023-08-17 20:29:13,2023-08-18 10:42:56,2023-08-31 08:21:46,2023-09-03 00:58:17,normal
SID10951,2023-07-21 02:33:04,2023-07-21 19:04:51,2023-08-04 19:45:52,2023-08-08 05:28:34,normal
SID10952,2023-07-15 08:00:36,2023-07-16 01:06:03,2023-07-27 22:17:29,2023-08-01 10:51:42,normal
SID10953,2023-12-01 16:44:40,2023-12-01 19:38:37,2023-12-07 06:46:36,2023-12-11 01:17:26,normal
SID10954,2023-06-25 08:08:58,2023-06-25 19:53:24,2023-07-08 16:23:12,2023-07-11 18:04:19,normal
SID10955,2023-05-31 17:11:55,2023-06-01 13:04:21,2023-06-10 11:21:49,2023-06-13 22:08:13,normal
SID10956,2024-01-03 18:01:57,2024-01-04 07:14:25,2024-01-14 12:16:26,2024-01-20 16:24:18,normal
SID10957,2024-09-27 02:39:16,2024-09-27 07:41:30,2024-10-10 16:39:32,2024-10-14 16:41:54,normal
SID10958,2023-10-14 17:19:54,2023-10-15 07:14:41,2023-10-26 01:17:14,2023-10-28 05:58:46,normal
SID10959,2023-02-01 03:08:46,2023-02-01 11:43:17,2023-02-15 10:25:11,2023-02-20 10:52:04,normal
SID10960,2023-12-20 09:43:07,2023-12-21 07:56:24,2024-02-24 11:17:42,2024-03-02 06:05:34,abnormal_warehouse
SID10961,2024-09-22 08:16:45,2024-09-23 02:08:51,2024-10-04 20:58:54,2024-10-09 16:36:14,normal
SID10962,2024-03-26 00:02:05,2024-03-26 15:36:11,2024-03-31 17:26:03,2024-04-06 23:57:17,normal
SID10963,2024-09-07 20:05:01,2024-09-08 15:18:34,2024-09-16 17:31:28,2024-09-21 18:07:27,normal
SID10964,2023-09-24 13:18:33,2023-09-25 06:32:26,2023-10-02 08:31:53,2023-10-09 00:14:21,normal
SID10965,2023-06-15 04:42:09,2023-06-15 22:09:37,2023-06-25 10:50:00,2023-06-28 06:02:12,normal
SID10966,2023-04-10 22:13:48,2023-04-11 01:14:21,2023-04-20 23:46:52,2023-04-25 22:59:26,normal
SID10967,2023-02-25 00:32:07,2023-02-25 09:58:39,2023-03-05 14:09:05,2023-03-09 08:01:23,normal
SID10968,2024-04-01 19:29:53,2024-04-01 22:55:49,2024-04-16 20:20:26,2024-04-22 07:39:51,normal
SID10969,2023-06-01 17:00:19,2023-06-01 21:47:58,2023-06-12 16:21:35,2023-06-17 09:09:04,normal
SID10970,2023-11-20 13:50:35,2023-11-21 06:42:27,2023-11-30 10:50:33,2023-12-05 01:59:14,normal
SID10971,2024-04-08 06:29:33,2024-04-08 09:48:59,2024-04-14 10:46:54,2024-04-14 15:22:21,abnormal_shipping
SID10972,2023-12-23 21:09:52,2023-12-24 13:39:10,2023-12-31 08:47:16,2024-01-06 02:27:55,normal
SID10973,2023-02-13 07:53:08,2023-02-14 05:39:27,2023-02-24 02:06:52,2023-02-26 13:21:29,normal
SID10974,2024-09-04 23:28:33,2024-09-05 11:19:47,2024-09-19 09:07:49,2024-09-23 13:41:18,normal
SID10975,2023-01-10 12:48:06,2023-01-11 10:58:17,2023-01-24 13:45:56,2023-01-28 10:17:12,normal
SID10976,2024-01-07 13:23:24,2024-01-07 19:27:02,2024-01-13 09:17:44,2024-01-17 10:34:51,normal
SID10977,2023-07-06 16:37:30,2023-07-07 16:24:07,2023-07-21 05:30:12,2023-07-27 16:15:29,normal
SID10978,2024-05-26 11:53:44,2024-05-27 04:44:50,2024-06-09 16:40:44,2024-06-12 06:27:04,normal
SID10979,2023-03-13 13:03:38,2023-03-13 15:46:04,2023-03-22 18:11:58,2023-03-25 02:50:27,normal
SID10980,2023-05-17 16:10:12,2023-05-17 21:31:00,2023-05-29 13:01:34,2023-06-03 09:21:51,normal
SID10981,2023-03-20 14:53:51,2023-03-21 14:03:05,2023-04-02 02:49:31,2023-04-08 11:24:14,normal
SID10982,2023-03-21 03:50:00,2023-03-21 23:05:23,2023-03-31 22:36:37,2023-04-04 00:53:55,normal
SID10983,2024-07-18 08:08:28,2024-07-19 05:14:14,2024-07-28 13:34:26,2024-07-31 04:51:15,normal
SID10984,2023-10-05 15:25:11,2023-10-06 00:35:12,2023-12-07 01:43:00,2023-12-11 02:57:24,abnormal_warehouse
SID10985,2024-02-17 09:37:42,2024-02-17 20:58:44,2024-02-23 22:12:31,2024-02-29 07:02:35,normal
SID10986,2024-09-09 05:52:37,2024-09-10 05:27:18,2024-09-24 13:00:15,2024-09-27 21:13:38,normal
SID10987,2023-03-08 11:19:01,2023-03-09 08:53:33,2023-03-18 18:31:55,2023-03-24 17:37:36,normal
SID10988,2023-07-16 13:28:22,2023-07-17 12:12:55,2023-07-27 11:13:44,2023-08-02 11:17:47,normal
SID10989,2024-01-29 17:24:05,2024-01-30 11:47:16,2024-02-14 00:52:18,2024-02-17 17:08:51,normal
SID10990,2023-10-24 12:07:42,2023-10-24 17:02:44,2023-11-01 17:11:48,2023-11-07 12:23:40,normal
SID10991,2024-05-03 19:34:09,2024-05-04 10:04:06,2024-05-10 00:55:39,2024-05-16 22:31:47,normal
SID10992,2024-07-28 09:58:52,2024-07-29 05:28:37,2024-08-06 18:55:47,2024-08-09 17:53:40,normal
SID10993,2023-05-01 00:21:39,2023-05-01 16:07:17,2023-05-07 21:48:02,2023-05-11 01:27:49,normal
SID10994,2023-06-17 16:12:59,2023-06-18 14:50:23,2023-06-29 04:10:50,2023-07-06 02:53:26,normal
SID10995,2023-02-22 12:26:49,2023-02-22 15:41:03,2023-03-03 10:20:26,2023-03-08 07:36:44,normal
SID10996,2024-05-27 09:37:42,2024-05-27 23:24:45,2024-06-03 02:27:12,2024-06-09 00:49:34,normal
SID10997,2023-05-09 07:06:42,2023-05-10 06:52:56,2023-05-21 19:56:14,2023-05-27 11:08:55,normal
SID10998,2024-03-27 23:52:31,2024-03-28 15:43:47,2024-04-05 12:55:24,2024-04-08 15:36:11,normal
SID10999,2024-01-15 22:05:03,2024-01-16 10:39:55,2024-01-30 02:37:49,2024-02-04 12:45:14,normal
SID11000,2024-09-01 12:22:22,2024-09-01 22:47:37,2024-09-08 03:06:38,2024-09-11 17:13:04,normal
SID11001,2023-11-02 10:53:45,2023-11-03 06:35:23,2023-11-16 12:47:55,2023-11-22 03:07:04,normal
SID11002,2023-11-01 23:24:53,2023-11-02 15:32:04,2023-11-15 08:30:50,2023-11-21 00:07:13,normal
SID11003,2023-10-20 08:16:45,2023-10-21 02:06:52,2023-10-27 06:16:50,2023-10-29 10:03:34,normal
SID11004,2023-08-16 03:37:24,2023-08-16 17:42:54,2023-08-27 05:03:35,2023-08-29 06:08:07,normal
SID11005,2024-07-31 20:23:21,2024-08-01 01:31:41,2024-08-10 07:57:02,2024-08-15 18:03:53,normal
SID11006,2023-04-12 19:07:21,2023-04-13 00:06:24,2023-04-23 05:38:58,2023-04-28 04:55:52,normal
SID11007,2024-03-18 18:40:19,2024-03-19 02:39:51,2024-03-29 00:17:13,2024-04-01 21:49:37,normal
SID11008,2023-01-31 17:48:36,2023-01-31 21:22:03,2023-02-12 23:09:46,2023-02-17 21:39:19,normal
SID11009,2024-06-20 05:12:56,2024-06-20 23:02:02,2024-06-26 08:52:32,2024-06-30 04:44:17,normal
SID11010,2024-06-15 15:24:34,2024-06-16 04:55:44,2024-06-26 06:27:03,2024-06-28 08:24:31,normal
SID11011,2023-07-08 19:16:11,2023-07-09 17:53:38,2023-07-22 12:49:03,2023-07-28 18:09:40,normal
SID11012,2023-03-20 11:44:32,2023-03-21 11:14:55,2023-04-03 07:24:31,2023-04-10 03:03:45,normal
SID11013,2023-05-06 09:37:06,2023-05-06 23:52:50,2023-05-13 07:06:40,2023-05-18 23:38:08,normal
SID11014,2024-09-08 03:19:36,2024-09-08 22:49:45,2024-09-14 01:19:24,2024-09-19 09:15:00,normal
SID11015,2023-05-10 05:23:19,2023-05-10 18:42:03,2023-05-21 17:37:48,2023-05-27 18:49:57,normal
SID11016,2024-03-24 02:05:56,2024-03-24 15:51:26,2024-04-03 07:08:31,2024-04-09 04:35:00,normal
SID11017,2023-12-02 10:25:18,2023-12-03 06:02:42,2023-12-13 15:29:35,2023-12-16 13:11:24,normal
SID11018,2024-04-29 16:21:26,2024-04-29 22:05:10,2024-05-12 10:19:46,2024-05-17 17:57:31,normal
SID11019,2023-09-29 00:42:48,2023-09-30 00:28:05,2023-10-09 16:27:54,2023-10-13 06:19:28,normal
SID11020,2024-03-10 08:02:11,2024-03-11 05:33:29,2024-03-20 02:05:43,2024-03-25 11:42:35,normal
SID11021,2023-03-16 23:33:48,2023-03-17 06:55:28,2023-03-28 17:55:35,2023-04-04 00:36:15,normal
SID11022,2024-05-24 18:44:34,2024-05-25 08:51:21,2024-06-08 04:08:56,2024-06-10 07:12:44,normal
SID11023,2024-03-27 09:27:48,2024-03-28 07:56:30,2024-07-24 20:44:50,2024-07-28 04:36:30,abnormal_warehouse
SID11024,2023-11-22 17:29:42,2023-11-23 12:24:56,2024-02-19 00:12:53,2024-02-23 12:30:27,abnormal_warehouse
SID11025,2023-01-21 15:46:53,2023-01-22 07:32:47,2023-02-01 00:44:35,2023-02-06 10:45:32,normal
SID11026,2023-05-12 20:32:07,2023-05-13 06:11:02,2023-05-23 13:48:58,2023-05-26 12:42:33,normal
SID11027,2024-08-08 23:52:50,2024-08-09 17:32:03,2024-08-23 06:16:29,2024-08-26 19:19:52,normal
SID11028,2023-12-03 05:55:41,2023-12-04 05:22:36,2023-12-15 10:32:17,2023-12-22 00:02:56,normal
SID11029,2023-10-11 12:44:54,2023-10-12 00:45:22,2023-10-22 11:56:16,2023-10-29 10:32:53,normal
